article_pubyear,member,n_items
2015,12089,2
2014,1,2
2013,286,2475
2014,286,2141
2015,286,2109
2017,286,2532
2012,374,1905
2013,374,1923
2020,1243,5
2014,1243,7
2016,1243,8
2019,1243,7
2020,1245,1
2013,78,20273
2014,78,21385
2012,286,2039
2016,286,2141
2015,93,82
2018,286,3839
2012,297,14869
2019,301,3508
2014,301,1584
2020,301,3543
2016,301,2556
2017,301,3328
2018,301,3170
2015,3908,17
2016,3908,12
2017,7892,353
2015,7892,237
2014,7892,101
2016,7892,370
2013,7892,25
2013,301,1440
2015,301,1762
2012,301,1320
2018,316,3455
2019,316,3627
2020,316,3655
2016,316,3052
2017,316,3288
2015,316,2972
2016,263,1343
2017,263,1381
2018,263,1582
2019,263,1654
2020,263,1912
2018,239,398
2019,239,468
2020,239,653
2012,239,393
2013,239,706
2015,239,493
2014,239,598
2016,239,623
2017,239,390
2016,93,73
2017,78,23925
2018,78,24132
2019,78,24257
2020,78,24879
2012,78,18844
2015,78,22926
2016,78,23866
2018,93,69
2019,93,86
2018,297,19435
2019,297,20227
2017,297,19310
2014,311,11193
2012,311,11254
2013,311,10699
2015,311,10989
2014,140,166
2013,140,186
2016,311,12140
2015,140,233
2016,140,241
2017,140,294
2012,93,111
2013,93,153
2014,93,195
2013,297,15718
2014,297,16663
2015,297,17273
2016,297,18481
2020,297,21983
2013,179,1333
2015,179,1293
2016,179,1668
2012,179,1292
2014,179,1228
2018,179,1594
2019,179,1684
2017,179,1510
2020,179,1847
2019,286,3611
2020,286,3883
2017,1243,7
2020,140,278
2019,140,357
2018,140,336
2020,93,101
2017,311,11778
2018,311,12645
2014,320,189
2015,320,244
2016,320,209
2020,1968,7799
2012,3145,804
2016,3145,1090
2013,3145,905
2020,311,14696
2019,311,12881
2018,12144,4
2020,12144,7
2019,12144,7
2017,93,72
2012,56,977
2017,56,1021
2019,56,809
2013,56,893
2015,56,894
2018,56,1020
2014,56,954
2020,56,810
2016,56,957
2015,1968,784
2016,1968,1042
2017,1968,1474
2018,1968,2774
2019,1968,4372
2017,3145,996
2018,3145,1102
2012,12114,4
2020,12114,1
2020,9140,5
2012,266,2089
2017,67,35
2013,67,56
2013,2674,22
2014,2674,15
2020,2641,17
2015,2674,9
2020,18689,1
2015,2581,71
2013,2581,35
2014,2581,48
2016,2581,51
2018,50,197
2012,50,114
2014,50,171
2019,50,225
2020,50,246
2016,50,212
2017,50,216
2013,50,181
2015,67,60
2016,67,45
2015,613,24
2014,613,24
2017,613,26
2018,613,28
2020,613,29
2012,613,43
2013,613,35
2016,613,30
2012,194,903
2013,194,1014
2014,194,922
2015,194,1023
2018,2641,17
2019,2641,17
2013,2641,20
2015,2641,20
2016,2641,15
2014,2641,19
2017,2641,14
2013,24,116
2020,24,109
2018,24,98
2016,24,140
2017,24,131
2015,24,135
2012,24,141
2017,1965,1895
2013,1086,76
2014,1086,111
2015,1086,116
2017,1086,124
2018,1086,120
2019,1086,114
2020,1086,150
2012,1086,81
2016,1086,134
2013,137,205
2015,137,169
2014,137,189
2015,8026,1
2017,8026,2
2017,266,1978
2018,266,1384
2016,266,1954
2019,137,174
2020,137,155
2015,266,1985
2015,340,2100
2018,1965,2642
2019,1965,2897
2020,1965,3400
2020,13136,4
2015,50,154
2012,2643,7
2014,2643,11
2016,2643,6
2018,2643,12
2019,2643,9
2017,137,194
2012,3746,2
2015,3968,1
2020,4285,11
2018,11812,7
2016,11812,2
2017,10,94
2012,2208,542
2014,1078,24
2013,6057,1
2012,11345,2
2014,374,1744
2015,374,2096
2016,374,2586
2017,374,2681
2018,374,2670
2019,374,2638
2020,374,2402
2014,263,1202
2015,263,1300
2012,263,1048
2013,263,1075
2013,3757,3
2018,3757,2
2019,4285,7
2018,22,68
2012,22,48
2017,22,50
2016,22,67
2019,22,76
2014,22,50
2020,22,64
2013,22,49
2015,22,60
2015,250,900
2016,250,977
2013,250,939
2012,250,755
2014,250,910
2017,250,1021
2019,10,141
2015,10,74
2016,10,90
2018,10,77
2020,10,155
2014,10,74
2017,292,1860
2016,1080,1
2013,80,80
2016,80,44
2017,80,41
2018,80,55
2015,6057,2
2018,5959,3
2012,80,63
2014,80,53
2015,80,56
2019,80,96
2017,5969,1
2018,292,1754
2019,292,1865
2018,13,625
2017,13,574
2016,3052,3
2013,266,1767
2014,266,1904
2013,2208,585
2014,2208,489
2018,250,1206
2019,250,1248
2020,250,1103
2012,13,475
2013,1078,32
2016,1078,23
2018,1078,15
2019,1078,19
2015,1078,24
2017,1078,23
2020,1078,15
2012,340,2124
2019,2549,19
2020,6121,5
2016,6121,6
2012,276,1239
2013,276,948
2015,276,803
2014,276,944
2012,257,41
2014,257,40
2015,257,56
2016,257,52
2019,4068,1
2015,4077,3
2013,230,17
2014,230,9
2015,230,10
2016,230,9
2017,230,13
2019,230,7
2020,230,1
2013,1965,794
2015,1965,1328
2012,1965,605
2016,1965,1303
2014,1965,1150
2013,860,4
2015,860,6
2012,860,8
2012,1260,4
2020,10790,57
2012,965,198
2020,965,79
2012,2581,33
2017,276,917
2020,12,110
2019,276,1065
2020,276,1070
2018,276,1000
2017,257,40
2018,257,48
2019,257,49
2012,4092,1
2016,150,28
2017,150,27
2018,150,29
2019,150,28
2020,150,26
2013,150,6
2014,150,15
2015,150,21
2012,150,11
2020,5183,1
2012,316,2679
2013,316,2738
2014,316,2861
2012,530,58
2016,846,6
2013,8662,2
2018,8662,1
2017,8699,2
2020,8699,1
2019,10790,34
2017,10790,10
2018,10790,27
2017,1757,79
2019,1757,88
2013,1757,71
2018,1757,84
2015,1757,52
2016,1757,63
2012,1757,54
2014,1757,57
2013,965,105
2019,965,59
2017,965,73
2017,320,240
2020,257,49
2013,12,92
2012,945,46
2014,945,32
2015,945,44
2016,945,46
2019,945,28
2013,10083,3
2018,12,101
2017,12,136
2018,4387,1
2019,8857,1
2020,8847,1
2014,965,81
2015,965,71
2018,965,114
2015,11322,3
2014,10330,3
2014,2549,19
2020,320,236
2012,1566,2
2013,1566,1
2015,1566,2
2015,1569,2
2015,16136,2
2016,16136,1
2014,16136,2
2019,4425,2
2012,4425,2
2019,16089,55
2020,16089,65
2018,16089,56
2014,2914,1
2016,2914,4
2019,2914,4
2019,530,58
2018,530,68
2016,530,67
2014,530,54
2017,530,62
2015,341,361
2016,341,339
2017,341,317
2016,14412,5
2019,14412,7
2013,14412,3
2020,14412,6
2016,1696,8
2015,1696,9
2017,1696,6
2018,1696,7
2020,1696,7
2015,4223,3
2018,4223,3
2018,317,1096
2019,317,1024
2013,292,1646
2014,292,1959
2019,14,95
2015,14,92
2020,14,74
2012,14,88
2013,14,59
2014,14,111
2016,14,81
2018,14,107
2017,14,97
2018,137,214
2014,13,489
2013,13,493
2012,137,212
2015,1567,2
2019,320,272
2018,341,315
2020,530,70
2019,2900,3
2020,5612,1
2016,6846,1
2015,7028,2
2016,276,868
2020,109,58
2018,109,46
2017,109,41
2019,109,46
2014,4034,3
2017,4034,5
2015,7072,3
2016,7072,3
2012,246,58
2013,246,72
2014,246,88
2015,246,69
2016,246,75
2018,246,52
2019,246,55
2017,246,87
2020,246,43
2018,2084,1
2014,24,123
2014,235,424
2013,235,437
2015,235,411
2012,235,416
2020,194,1146
2013,285,140
2019,4034,3
2020,266,1671
2019,266,1207
2019,2086,128
2020,2086,90
2016,2086,124
2017,2086,121
2018,2086,113
2014,2086,171
2015,2086,125
2012,2086,126
2013,2086,100
2015,6872,1
2017,8959,4
2016,8990,2
2016,5793,4
2018,5793,2
2014,5794,1
2015,6672,4
2020,5793,10
2018,36,12
2015,221,257
2016,221,297
2017,221,304
2018,221,344
2019,221,385
2020,221,494
2018,10164,8
2018,232,69
2020,232,80
2012,2002,1
2013,530,47
2015,530,56
2017,2487,60
2016,2487,71
2019,2487,38
2012,221,188
2014,221,199
2013,221,192
2014,6900,3
2012,175,133
2013,175,177
2014,175,208
2015,175,231
2016,175,244
2017,175,264
2018,175,278
2019,175,253
2020,175,334
2019,77,608
2017,6601,2
2019,10164,9
2020,340,1286
2016,340,1753
2017,340,1634
2018,340,1479
2019,340,1293
2020,6900,3
2012,10164,1
2014,340,2332
2015,2914,2
2016,137,178
2014,4277,2
2017,8597,5
2014,5913,13
2013,2060,29
2018,6002,2
2015,124,19
2019,124,14
2017,124,21
2019,8597,4
2018,2060,24
2015,2060,37
2019,2060,19
2014,2060,39
2017,2060,27
2020,2060,19
2020,408,27
2017,24531,1
2020,3145,1259
2012,16,3312
2013,16,3241
2019,265,87
2016,265,62
2015,265,82
2014,265,67
2017,265,77
2013,265,50
2020,265,73
2019,3145,1069
2019,4498,16
2012,73,4
2017,1941,13
2017,532,3
2015,532,5
2019,532,3
2015,1959,2
2019,4629,1
2017,4629,1
2018,73,28
2016,194,1028
2017,194,1262
2018,194,1154
2020,4498,14
2020,1941,28
2015,1941,2
2019,1941,27
2016,1941,6
2016,16188,1
2013,234,554
2016,234,455
2018,234,491
2020,1112,6
2019,1112,3
2013,1164,5
2019,1164,4
2020,73,20
2020,1670,3
2013,1670,4
2018,19614,1
2018,1941,15
2016,2457,359
2012,2457,348
2012,329,365
2013,329,247
2012,7149,14
2013,7149,9
2014,7149,15
2015,7149,16
2017,7149,8
2012,1968,270
2014,1968,457
2014,1959,9
2020,7349,2
2018,7352,2
2018,1670,2
2020,16132,6
2016,16117,2
2014,3285,34
2013,2258,28
2012,2258,29
2013,340,2584
2018,77,164
2020,10159,1
2020,77,15
2019,10132,1
2020,291,67
2018,291,63
2019,291,59
2017,16,3049
2018,16,3208
2019,16,3100
2020,16,3316
2016,5267,249
2017,5267,294
2013,5325,1
2015,1713,1
2015,4443,29
2013,4443,9
2014,4443,22
2012,317,516
2014,2258,44
2013,622,1
2012,77,76
2015,77,165
2013,77,171
2016,77,118
2017,77,61
2014,77,120
2020,5267,253
2018,5267,236
2019,5267,293
2020,16458,1
2020,5401,8
2015,291,67
2012,291,77
2013,291,64
2017,635,3
2020,635,3
2016,2258,57
2016,4443,75
2017,4443,84
2017,2258,113
2018,2258,119
2019,2258,143
2020,2258,97
2013,1968,376
2020,4443,90
2014,1574,8
2015,1574,9
2016,1574,7
2020,4184,1
2015,317,1179
2016,317,1027
2012,232,9
2013,232,16
2014,232,21
2015,232,40
2016,232,52
2013,3820,1
2019,2516,21
2014,2516,16
2015,2516,16
2020,2516,11
2017,2516,14
2012,2516,20
2013,2516,27
2020,425,44
2014,425,12
2019,232,81
2017,232,71
2012,292,1559
2020,3803,2
2018,425,40
2019,425,40
2015,425,33
2012,200,12
2013,200,13
2014,200,10
2012,140,180
2019,3815,1
2014,3145,849
2015,3145,984
2019,329,191
2020,329,190
2016,329,227
2020,2567,1
2012,18929,10
2013,18929,18
2014,18929,14
2015,18929,7
2016,18929,6
2018,18929,8
2020,18929,15
2017,2917,4
2019,1295,3
2015,1295,1
2020,2917,4
2012,1627,11
2013,1627,27
2014,1627,15
2015,1627,18
2016,1627,19
2017,1627,20
2018,1627,12
2019,1627,22
2017,98,410
2020,98,246
2015,329,276
2017,329,159
2018,329,182
2014,2457,520
2015,2457,483
2018,10602,34
2018,127,463
2019,127,427
2020,127,436
2015,10602,35
2014,10602,39
2016,10602,28
2018,4858,5
2017,235,358
2016,235,335
2019,235,302
2018,235,303
2020,235,342
2015,292,2275
2016,292,2285
2019,10602,35
2012,18712,2
2014,18712,2
2016,18712,5
2012,234,513
2020,10602,35
2019,98,310
2013,2457,450
2017,2457,231
2015,426,9
2013,426,12
2014,426,4
2020,426,13
2020,1211,2
2015,1211,2
2013,1211,4
2012,1212,10
2013,1212,4
2014,1212,6
2019,1212,1
2020,1213,4
2017,2926,7
2012,3486,1
2012,2558,3
2014,2558,9
2016,2558,2
2017,2558,8
2018,2558,9
2020,2558,11
2020,358,24
2017,358,24
2012,285,292
2013,219,243
2014,219,302
2020,219,277
2015,219,259
2012,219,309
2017,219,272
2019,219,285
2016,219,284
2018,219,247
2019,2673,122
2020,2673,88
2018,2673,126
2017,2673,50
2016,2673,9
2016,2549,19
2018,6205,1
2019,6205,1
2017,2924,2
2020,2549,19
2013,2557,2
2014,2557,2
2016,2557,1
2012,288,55
2013,288,85
2014,288,53
2015,288,49
2012,2549,23
2015,2549,21
2012,NA,3
2018,2920,1
2019,27791,1
2014,21493,1
2018,2549,14
2019,16137,11
2013,16137,2
2020,16137,8
2012,189,88
2013,189,88
2014,189,84
2015,189,65
2016,189,98
2017,189,77
2018,189,51
2019,189,43
2020,189,42
2018,1871,2
2017,317,1084
2019,9060,4
2018,9060,4
2019,233,269
2018,233,236
2020,233,294
2019,16235,8
2018,16235,3
2012,127,442
2014,127,461
2013,127,451
2016,233,269
2017,233,233
2015,1861,6
2012,16235,4
2013,16235,4
2016,1861,5
2019,1861,2
2014,1861,6
2019,4443,96
2016,3169,11
2013,3169,6
2012,3169,2
2015,6511,1
2012,527,9
2014,527,7
2012,281,48
2016,281,45
2014,281,58
2017,281,43
2013,281,68
2017,3285,37
2018,281,52
2019,281,60
2015,281,65
2019,24,110
2015,5451,1
2018,5463,2
2017,7543,7
2018,7543,3
2020,7543,3
2017,186,19
2018,186,26
2019,186,14
2020,186,16
2016,4256,1
2018,7570,8
2019,3169,5
2018,3470,4
2017,7570,3
2020,7570,1
2013,33,122
2012,33,97
2014,33,66
2015,33,120
2017,6456,2
2013,4256,1
2015,16,2949
2017,127,487
2016,127,535
2015,127,484
2014,16,3003
2016,16,3113
2012,294,5
2013,294,3
2014,294,8
2016,294,4
2018,2249,43
2019,2249,45
2016,1260,17
2019,1260,4
2013,1260,11
2020,1260,4
2013,3361,6
2014,3361,7
2016,3361,3
2013,10602,25
2013,859,4
2020,2249,29
2013,320,190
2016,2249,69
2012,2249,50
2019,81,71
2020,81,97
2012,3197,51
2015,3197,52
2020,170,18
2018,170,11
2017,859,8
2018,2457,166
2013,2249,51
2014,2249,63
2015,2249,55
2018,10511,1
2016,10468,1
2018,10468,4
2020,859,3
2017,1260,2
2018,1260,3
2013,155,32
2019,155,35
2017,4415,6
2012,155,45
2016,1332,3
2018,2581,54
2020,2581,36
2016,859,4
2013,37,116
2014,37,102
2015,37,88
2016,37,96
2012,350,3
2017,2581,41
2013,278,233
2015,278,203
2015,5195,4
2012,417,10
2014,417,12
2013,417,8
2015,417,11
2016,417,4
2020,417,6
2016,6096,5
2018,6096,4
2013,6096,2
2015,6096,3
2014,317,889
2017,37,104
2018,37,99
2019,37,118
2020,37,78
2013,350,1
2014,330,5
2015,330,5
2013,1881,28
2015,1881,17
2014,1881,22
2018,1881,35
2019,1881,31
2020,1881,19
2016,1881,31
2012,1881,18
2018,20800,1
2020,6082,2
2020,292,1858
2016,1604,4
2014,278,242
2017,278,204
2018,278,193
2019,278,198
2020,278,220
2016,278,173
2012,278,236
2012,37,107
2015,4374,125
2016,4374,155
2017,4374,178
2018,5186,2
2018,4374,177
2017,4687,24
2012,4021,5
2013,4021,3
2017,4021,1
2012,147,79
2017,147,45
2015,147,83
2013,147,87
2016,147,46
2016,4297,6
2017,4297,8
2019,4297,7
2020,4297,6
2015,345,124
2016,100,15
2020,4047,7
2012,100,14
2014,100,26
2015,100,25
2019,100,14
2013,100,18
2018,100,17
2020,100,25
2013,42,8
2015,42,17
2016,42,14
2020,42,21
2012,1442,5
2016,1442,3
2018,1442,5
2020,1442,7
2017,345,158
2019,345,95
2016,345,125
2012,345,122
2013,345,96
2014,345,127
2019,42,18
2020,11790,6
2019,26714,2
2018,26714,1
2016,11790,1
2019,11790,4
2017,1112,7
2018,1112,8
2013,1112,3
2018,4059,4
2019,4059,2
2014,19101,1
2016,4913,59
2017,4913,18
2018,4913,39
2019,4913,28
2020,4913,30
2019,17365,2
2015,7437,211
2019,8723,4
2013,844,3
2020,18722,4
2017,4186,12
2013,4186,6
2015,4186,11
2016,4186,10
2019,4186,8
2020,4295,2
2019,3820,1
2012,4185,1
2012,36,22
2013,36,19
2014,36,20
2016,36,10
2014,7437,176
2013,7437,166
2012,7437,210
2018,7437,163
2017,7437,212
2020,7437,208
2016,7437,223
2019,7437,202
2019,8611,140
2018,8611,99
2016,8611,54
2017,8611,91
2020,8611,105
2012,4137,12
2013,4137,15
2016,4137,41
2017,4137,42
2018,4137,39
2019,4137,38
2015,4137,20
2020,4137,52
2014,4137,25
2018,4295,1
2020,25112,8
2016,4226,3
2013,4226,2
2014,234,509
2013,1892,1
2018,1892,1
2017,2118,2
2019,4374,192
2018,265,75
2015,5239,5
2017,5239,2
2017,11208,1
2015,11208,1
2020,4226,2
2019,1387,47
2020,1387,75
2015,237,138
2014,2216,1
2017,2216,2
2019,2216,3
2020,23555,9
2012,1387,47
2014,1387,8
2015,1387,18
2016,1387,10
2013,1387,2
2015,101,231
2018,101,284
2013,101,244
2014,101,251
2019,101,319
2012,101,253
2016,101,221
2017,101,241
2020,101,299
2017,16314,4
2012,237,158
2013,237,128
2014,237,181
2016,2580,1
2013,3407,2
2018,3742,2
2014,155,48
2018,155,39
2015,155,40
2016,155,38
2018,237,150
2020,237,152
2016,237,143
2017,237,173
2019,237,161
2018,3407,1
2017,9980,5
2013,4950,1
2020,20063,5
2020,7257,2
2019,7257,4
2017,231,59
2018,231,71
2019,231,68
2020,231,57
2019,8606,2
2016,9479,6
2012,737,2
2017,3595,14
2019,285,32
2015,285,211
2017,285,56
2012,108,14
2013,108,29
2014,108,25
2015,108,25
2013,231,28
2014,231,30
2015,231,45
2016,231,38
2017,187,7
2020,187,5
2020,1757,99
2012,1798,4
2013,1798,6
2019,735,16
2018,735,27
2017,735,20
2012,736,27
2013,736,32
2014,736,51
2015,736,52
2016,736,34
2017,736,32
2018,736,30
2019,736,30
2020,736,36
2013,945,59
2017,945,44
2018,945,34
2020,945,46
2013,98,576
2014,98,554
2014,147,79
2018,147,29
2019,252,4
2020,252,9
2012,4961,42
2013,4961,17
2014,4961,38
2015,4961,41
2016,4961,14
2017,4961,20
2018,4961,22
2019,4961,7
2020,4961,28
2012,5007,3
2013,5007,4
2013,19,28
2014,19,30
2015,19,29
2016,19,49
2020,19,53
2012,17,7
2013,252,9
2014,252,16
2015,252,17
2016,252,13
2017,19,49
2018,19,41
2020,5007,9
2019,2560,45
2018,2560,60
2020,2560,52
2020,3285,98
2018,3285,54
2019,3285,63
2016,8312,1
2018,98,401
2012,98,611
2017,2560,45
2016,2560,42
2020,7491,5
2012,10602,48
2013,404,1
2016,404,1
2019,19235,39
2020,19235,9
2015,1928,1
2016,1931,7
2015,1931,9
2018,1931,15
2019,17845,2
2013,3061,10
2014,3061,12
2016,3061,26
2018,3061,20
2019,3061,17
2015,3061,9
2017,3061,10
2020,3061,11
2012,1574,9
2012,790,9
2013,790,16
2014,790,22
2016,790,24
2017,790,16
2018,790,30
2015,790,17
2019,790,20
2020,790,29
2019,7412,4
2016,7412,1
2020,7465,1
2018,7276,4
2017,9223,5
2018,9223,5
2019,9223,16
2020,9223,21
2019,2581,39
2014,10894,5
2016,10894,7
2018,970,2
2012,1167,53
2013,1167,59
2014,1167,44
2015,1167,50
2016,1167,47
2017,1167,42
2020,317,1025
2016,285,148
2013,3197,47
2016,3197,21
2014,3197,56
2019,6535,2
2018,1167,47
2019,1167,40
2020,1167,54
2020,80,105
2016,288,46
2017,288,44
2018,288,40
2019,288,54
2020,288,53
2012,170,9
2013,170,6
2014,170,8
2017,170,13
2017,6146,2
2019,416,59
2016,4873,1
2018,4873,14
2020,4873,4
2017,1745,14
2015,1745,6
2014,1745,3
2019,1745,3
2020,1745,4
2019,5675,22
2020,5675,35
2012,416,30
2014,416,34
2017,416,46
2016,416,43
2018,416,53
2020,416,54
2020,16648,5
2012,2432,82
2017,2432,33
2020,2432,29
2019,2432,19
2018,5675,18
2015,5675,18
2016,5675,18
2017,5675,15
2012,5675,4
2012,341,356
2013,341,404
2014,341,314
2016,965,83
2012,412,8
2013,412,5
2020,412,2
2016,33,123
2017,33,142
2018,33,126
2020,234,250
2019,234,399
2012,9895,7
2012,233,327
2012,7892,13
2014,2758,4
2015,2758,3
2020,165,15
2015,NA,5
2016,NA,4
2020,155,22
2016,13,530
2017,155,42
2012,2751,2
2012,2308,7
2015,4268,1
2015,6951,7
2017,6951,23
2019,6951,52
2020,6951,62
2018,6951,33
2020,3210,5
2017,3151,2
2020,3984,4
2020,914,4
2017,4948,1
2020,8469,3
2020,8565,2
2019,24700,5
2017,28163,1
2016,9021,2
2015,3948,4
2018,3210,3
2013,6228,2
2014,3185,2
2015,3185,1
2018,320,230
2018,3176,5
2019,3176,3
2020,3176,3
2017,3176,4
2016,2101,27
2017,2101,97
2012,2101,5
2013,2101,4
2015,2101,4
2018,2101,64
2015,7995,23
2016,7995,32
2017,7995,29
2018,7995,23
2019,7995,34
2020,7995,29
2013,7995,10
2014,7995,21
2012,7995,5
2020,11468,3
2013,1952,2
2013,1748,14
2018,1748,20
2015,1748,10
2020,1748,35
2016,1748,8
2019,1748,18
2017,1748,16
2019,5258,3
2019,330,3
2015,200,4
2012,2098,22
2014,2098,36
2013,2098,22
2015,2098,30
2016,2098,39
2017,2098,38
2018,2098,41
2019,2098,33
2020,2098,30
2012,10,49
2020,1953,1
2019,13,662
2014,3689,7
2015,13,463
2020,9787,9
2017,11490,1
2019,11490,2
2017,2249,64
2014,393,149
2013,393,178
2012,393,173
2015,393,122
2016,393,118
2013,257,54
2019,1592,1
2014,67,53
2018,393,100
2020,393,103
2019,393,88
2017,393,117
2018,859,8
2015,1899,2
2020,1899,1
2018,1902,2
2017,1593,1
2015,98,505
2013,3209,2
2015,3209,2
2016,3209,4
2019,9236,5
2020,9236,3
2020,1057,53
2012,26169,2
2014,5556,1
2017,5777,14
2016,9237,1
2014,1057,69
2017,1057,53
2018,1057,49
2019,1057,53
2012,1057,49
2015,1057,70
2013,1057,53
2016,1057,76
2016,3285,28
2018,3209,5
2013,9467,2
2014,8215,1
2015,2208,223
2020,4374,246
2019,2457,163
2020,2457,48
2015,1602,49
2016,1602,54
2013,1564,3
2015,1564,2
2012,20,14
2017,1602,53
2019,1602,57
2018,1602,54
2020,1602,67
2014,532,4
2016,532,4
2012,532,5
2017,30,44
2019,30,34
2020,30,36
2016,30,42
2013,30,28
2014,30,26
2018,30,46
2012,3906,1
2020,6550,4
2019,6616,2
2015,3904,2
2017,3904,4
2018,3904,3
2019,3904,4
2020,3904,4
2012,2795,7
2014,15,191
2013,15,198
2015,15,137
2012,2060,20
2014,16089,10
2018,102,1
2012,320,188
2012,15,165
2016,15,140
2017,15,169
2018,15,182
2019,15,203
2020,15,169
2013,408,6
2017,408,27
2018,408,33
2016,408,24
2012,408,9
2019,3322,2
2020,7770,2
2015,79,120
2016,79,113
2018,79,122
2017,79,125
2019,79,129
2020,79,165
2013,7447,2
2016,3322,1
2016,7802,3
2018,16261,6
2019,16261,8
2020,281,90
2017,2708,9
2018,2708,6
2019,2708,12
2020,2708,11
2012,2720,31
2013,2720,24
2015,2720,18
2017,2720,36
2018,2720,17
2019,2720,28
2020,2720,18
2017,3042,1
2014,1272,3
2019,11118,1
2014,4947,19
2019,1645,6
2020,1645,8
2015,2718,2
2016,2262,16
2017,2262,15
2020,2262,3
2012,124,10
2014,124,7
2020,4947,11
2015,4947,24
2017,4947,24
2015,14905,7
2018,11070,1
2019,11070,2
2015,1604,6
2020,1604,6
2013,1574,9
2015,2725,7
2012,2725,8
2016,2725,7
2013,2725,6
2017,2725,4
2018,6689,3
2014,4840,1
2012,4844,1
2013,4844,1
2015,4844,2
2018,6675,2
2019,6689,4
2017,6689,6
2015,26414,1
2015,1038,2
2012,3819,6
2016,3819,4
2014,3825,1
2020,1253,1
2019,194,984
2018,4840,1
2020,4840,5
2013,2525,26
2015,2525,28
2016,2525,19
2017,2525,10
2018,2525,12
2019,2525,17
2012,2525,43
2014,2525,15
2016,98,395
2012,16894,1
2014,16894,1
2017,16894,4
2017,2549,15
2018,4443,117
2017,18344,1
2019,4421,4
2014,1302,2
2020,1913,24
2013,1913,5
2015,1913,1
2019,1913,2
2012,4365,17
2013,4365,23
2014,4365,12
2016,4365,14
2018,4365,11
2020,4365,13
2013,2643,6
2020,4421,13
2014,4421,7
2013,2560,12
2014,2560,33
2015,2560,22
2012,2638,1
2012,2632,5
2016,378,1
2017,2632,4
2019,378,37
2020,378,107
2019,1665,30
2020,1665,18
2019,5351,2
2018,3613,1
2013,3613,1
2012,1754,22
2012,1665,21
2015,1665,23
2017,1665,21
2013,1665,12
2016,358,9
2019,358,26
2012,352,7
2013,352,6
2016,352,3
2018,352,6
2014,285,201
2016,5195,5
2014,81,38
2015,81,49
2012,81,53
2013,81,12
2015,1310,1
2014,1310,7
2017,1310,12
2016,1310,4
2019,1310,13
2020,1310,7
2017,8849,1
2020,8849,2
2018,866,3
2012,2998,1
2017,2998,2
2015,2017,2
2012,1939,9
2013,1939,4
2014,1939,6
2017,234,88
2020,3008,2
2018,3008,1
2019,3008,1
2017,996,4
2016,996,5
2018,5739,1
2020,3641,4
2020,200,3
2013,2918,5
2014,2918,4
2015,2918,5
2016,2918,4
2018,2918,3
2020,2918,13
2017,2918,10
2018,15940,2
2015,2273,5
2020,3656,6
2014,163,1
2013,22613,2
2014,22613,1
2016,8421,2
2017,8421,1
2019,8421,4
2012,349,2
2015,336,1
2012,4947,21
2013,4947,15
2019,23785,5
2019,12,122
2013,4381,2
2015,12,112
2016,12,102
2016,3979,7
2017,3666,1
2012,3656,1
2013,3656,2
2014,3656,5
2017,3656,6
2018,3656,4
2019,3656,5
2016,163,1
2014,349,3
2016,4947,30
2019,4947,19
2014,12,105
2012,12,74
2014,7744,1
2019,7760,1
2012,4859,1
2019,4870,2
2020,4870,6
2018,4570,1
2018,1010,64
2019,1010,98
2019,9508,15
2012,1606,1
2014,1606,2
2013,3665,1
2018,17149,43
2019,17149,34
2020,17149,26
2020,345,101
2015,4226,2
2019,4226,1
2019,4858,1
2012,4194,17
2012,7349,2
2018,7892,192
2019,7892,70
2020,7892,48
2012,30,33
2015,30,18
2020,8917,1
2013,233,278
2012,1856,38
2013,1856,37
2014,1856,43
2015,1856,30
2016,1856,52
2013,5267,40
2015,5267,42
2012,5267,38
2014,5267,10
2014,5262,1
2014,5264,4
2014,233,287
2015,233,276
2017,1856,58
2018,1856,54
2019,1856,71
2020,1856,66
2018,1858,2
2013,4874,11
2012,138,2
2020,36,10
2015,36,15
2019,36,8
2018,2487,38
2020,2487,33
2012,2487,102
2013,2487,97
2014,2487,101
2015,2487,111
2012,17418,4
2018,5264,1
2018,2482,4
2020,2482,3
2016,5262,2
2016,2482,2
2020,5300,3
2013,17418,3
2017,2248,2
2017,24934,4
2018,24934,6
2017,7620,2
2015,7609,2
2018,7993,2
2014,6036,18
2018,6048,2
2020,6743,2
2015,6743,4
2015,6036,15
2016,6036,16
2017,6036,12
2019,6036,22
2020,6036,21
2013,1754,24
2014,1754,23
2015,1754,24
2016,1754,29
2017,1754,22
2019,1754,37
2020,1754,23
2015,20,21
2016,20,42
2017,20,23
2018,20,50
2019,20,48
2020,20,58
2016,6048,9
2017,6678,3
2015,1759,2
2019,408,30
2018,28283,4
2019,28283,6
2016,28283,4
2016,4046,2
2020,7609,1
2019,8044,7
2019,4046,1
2020,9019,3
2015,2895,3
2015,416,33
2020,17057,1
2017,10394,3
2016,2060,31
2016,2321,2
2018,2321,3
2020,28464,12
2018,3456,5
2019,2901,13
2013,2901,2
2020,2895,4
2019,21493,3
2016,2208,12
2019,2208,7
2020,23082,44
2018,2901,1
2014,10293,1
2014,10295,1
2018,3356,2
2020,3361,9
2020,33,138
2015,575,7
2019,67,25
2018,3361,5
2016,575,6
2020,575,2
2018,3494,1
2012,3554,4
2014,3554,6
2015,3554,7
2017,3554,8
2018,3554,7
2013,10293,1
2016,3356,1
2020,3785,1
2017,3785,1
2016,3614,3
2019,1747,48
2020,1747,54
2018,1747,43
2019,10665,3
2020,10665,1
2018,11424,1
2019,9318,1
2015,432,8
2017,432,11
2018,11437,32
2019,11437,26
2020,11437,28
2016,1362,1
2015,1320,6
2018,2208,4
2020,11423,3
2019,11423,4
2015,23443,1
2012,164,1
2012,2017,1
2018,2602,1
2018,81,59
2017,81,91
2016,81,57
2012,861,1
2015,861,5
2015,6171,4
2018,6171,3
2016,6171,2
2019,3480,3
2016,2595,1
2014,10055,1
2019,3461,2
2020,3461,4
2014,8893,1
2014,4950,5
2019,2165,7
2016,299,1
2020,5130,11
2014,5007,3
2016,71,1
2013,2013,2
2016,18616,2
2018,332,29
2013,11,10
2017,11,18
2018,11,19
2019,11,17
2014,11,14
2020,11,4
2016,11,13
2015,11,13
2012,2641,20
2018,8900,5
2017,8907,11
2018,8907,28
2019,8907,52
2020,8907,50
2012,2694,3
2015,2694,3
2016,2694,6
2020,2694,2
2015,8550,7
2016,8550,4
2020,8550,5
2019,33,115
2015,234,442
2015,1911,1
2013,1911,5
2017,1453,1
2012,1449,14
2013,1449,8
2013,1484,1
2014,1449,7
2014,1484,1
2017,19173,1
2017,1449,5
2018,1449,5
2019,17358,2
2019,1449,5
2020,1010,177
2017,1010,58
2013,1010,23
2016,1010,38
2012,1010,7
2014,1010,21
2015,1010,21
2017,181,8
2019,181,14
2020,181,16
2015,5581,1
2020,5581,3
2013,1049,5
2015,1049,3
2016,1049,9
2018,67,33
2019,7696,5
2020,7696,3
2016,8852,1
2018,7717,15
2019,7717,3
2019,1049,7
2020,1049,7
2020,735,16
2014,3180,3
2018,8586,1
2012,1355,2
2016,1355,1
2012,27,73
2013,27,85
2014,27,79
2015,27,82
2015,7680,1
2020,8852,5
2017,7696,5
2017,18401,2
2013,3285,16
2013,22609,2
2017,27,172
2014,5573,1
2016,27,71
2018,27,145
2019,27,173
2020,27,145
2016,9411,1
2015,9411,4
2020,7810,1
2012,314,1
2017,5083,5
2018,5083,2
2019,5083,3
2013,6251,4
2017,3374,16
2020,3374,12
2018,3374,5
2014,3374,3
2014,3816,5
2020,314,3
2017,122,2
2017,962,1
2012,425,16
2013,3381,1
2012,4444,1
2014,6535,3
2014,6251,7
2016,3816,1
2016,6251,7
2019,4437,1
2020,6151,1
2014,3402,1
2017,6535,5
2018,6535,7
2018,6251,2
2019,2811,1
2018,2811,4
2013,2805,2
2013,3229,2
2013,4487,4
2017,5631,2
2014,2811,1
2017,4036,1
2019,5645,3
2017,11263,1
2012,1577,12
2013,1577,18
2014,1577,18
2015,1577,15
2016,1577,11
2018,1577,22
2019,1577,11
2020,1577,13
2015,4492,1
2012,1670,5
2016,3223,4
2020,3223,1
2020,13,752
2012,1747,50
2013,1747,49
2014,1747,36
2015,1747,42
2016,1747,35
2017,1747,56
2019,73,17
2015,8044,1
2017,73,20
2020,341,408
2020,19395,6
2018,1942,5
2020,27626,6
2017,1936,1
2012,1942,6
2014,1942,6
2015,381,4
2016,381,12
2017,381,9
2012,381,13
2018,381,15
2020,381,5
2016,2209,5
2018,2209,7
2013,2209,2
2017,2209,12
2014,2209,9
2020,2209,5
2015,1944,1
2019,1944,3
2016,1944,2
2012,11437,24
2013,11437,18
2014,11437,28
2015,11437,23
2016,11437,22
2017,11437,27
2013,73,6
2019,341,334
2019,2326,1
2016,5235,5
2013,8849,3
2015,8849,8
2019,3908,3
2019,22273,2
2017,22273,2
2013,22273,1
2020,11006,4
2018,4498,8
2018,5235,6
2020,5235,5
2013,2322,14
2020,2322,2
2019,12380,31
2020,12380,29
2014,4374,75
2013,4374,26
2012,4374,3
2019,5235,27
2016,8849,5
2016,9460,1
2012,3595,3
2014,1602,42
2012,1602,38
2013,1602,34
2018,5410,4
2019,3554,10
2020,3554,4
2015,3595,9
2013,3595,8
2014,3595,7
2016,3595,9
2018,3595,9
2020,3595,21
2013,19526,3
2014,19526,3
2017,19526,5
2013,3,3
2018,3,10
2019,3,13
2017,5406,1
2014,3312,1
2012,231,19
2014,17418,2
2018,163,1
2013,28163,1
2015,6124,6
2014,7284,1
2017,6100,1
2020,3330,3
2013,3356,2
2014,408,10
2015,8215,3
2019,10454,2
2017,7244,16
2017,7284,2
2018,7284,2
2015,7244,10
2018,7244,7
2016,7244,49
2014,3052,2
2013,2432,80
2014,2432,61
2018,2432,36
2018,9598,18
2019,9598,15
2020,9598,20
2017,2473,2
2014,16862,1
2020,9635,5
2019,7570,7
2016,2863,2
2018,2863,4
2019,2863,2
2012,5784,2
2013,1782,5
2014,12278,4
2014,1782,2
2017,8841,7
2015,2904,1
2018,2904,1
2013,2900,2
2019,8859,14
2020,8859,11
2020,285,32
2018,285,31
2019,9705,1
2020,2986,3
2013,6890,2
2016,16089,6
2014,3908,15
2018,3908,9
2017,200,3
2018,345,78
2018,1073,1
2019,27064,2
2018,2937,1
2012,79,62
2013,79,60
2013,2062,6
2015,5950,2
2016,5950,3
2020,5950,3
2013,10,67
2018,2062,5
2016,2062,5
2019,613,33
2015,9749,3
2014,79,86
2019,6464,1
2018,6464,2
2013,6332,1
2013,1183,22
2014,1183,14
2018,1183,25
2020,1183,26
2013,1187,2
2013,11812,4
2017,11812,2
2013,1305,3
2014,1305,3
2020,1305,6
2017,377,14
2020,377,11
2013,377,9
2015,377,7
2019,377,10
2017,17807,2
2018,6394,9
2019,6394,9
2020,6394,7
2014,6394,5
2015,6394,5
2016,6394,7
2017,6394,8
2012,5258,1
2013,5258,2
2017,1208,3
2018,1208,39
2019,1208,41
2020,1208,39
2012,9466,11
2013,9466,7
2016,9466,5
2017,9466,5
2017,1060,1
2014,1188,1
2015,1188,1
2018,1188,6
2019,1188,4
2018,1190,3
2018,5860,9
2017,5860,6
2015,5860,3
2014,5716,3
2015,5716,1
2014,5727,2
2017,5752,3
2015,2432,41
2016,2432,39
2018,12258,2
2019,381,11
2013,2,3
2012,2,4
2017,5718,2
2013,384,1
2014,384,3
2020,384,4
2014,5130,3
2015,5130,5
2017,5130,6
2012,5716,1
2018,12228,1
2014,329,249
2018,12203,2
2017,2902,55
2016,2902,59
2018,2902,58
2019,2902,49
2012,2902,45
2013,2902,45
2020,2902,56
2014,2902,45
2015,2902,50
2016,2774,21
2017,2774,26
2018,2774,20
2020,2774,14
2014,2774,7
2015,2774,24
2019,2774,10
2013,2774,12
2012,2774,5
2013,432,2
2018,432,12
2016,432,12
2014,25486,1
2017,25486,1
2015,24748,1
2019,1696,6
2015,2782,2
2014,434,9
2017,434,4
2012,2780,1
2014,2780,1
2019,15129,3
2020,8280,1
2016,17808,2
2015,45,25
2019,5106,1
2013,5093,13
2020,2389,3
2012,19,27
2013,4913,23
2014,4913,50
2015,4913,48
2013,20,15
2020,3527,1
2013,45,10
2014,45,13
2016,45,19
2017,45,6
2018,45,20
2020,45,16
2012,45,6
2013,4885,1
2015,2371,17
2013,2371,18
2012,2371,2
2019,19,42
2015,3612,9
2017,3612,4
2020,3612,5
2014,3612,5
2015,5093,11
2019,5093,14
2014,5093,7
2016,5093,21
2017,5093,11
2018,5093,13
2012,4913,12
2015,3523,1
2012,3523,2
2013,3523,3
2013,10233,2
2020,2371,8
2019,2371,9
2016,2371,12
2018,3523,2
2017,8859,10
2015,8859,10
2013,8859,8
2014,8859,5
2016,8859,9
2014,6959,1
2013,18083,1
2020,18083,1
2018,2359,6
2020,8841,9
2018,8841,4
2013,2350,1
2013,2359,5
2020,2359,6
2019,2359,9
2020,6932,2
2018,9336,101
2016,9346,4
2018,9346,47
2020,9346,19
2017,9346,21
2019,9346,21
2016,2396,1
2020,2397,4
2014,2398,1
2012,2427,2
2014,2436,1
2020,2436,1
2014,381,11
2015,994,1
2020,996,4
2019,9326,1
2016,9336,31
2017,9336,87
2019,9336,75
2020,9336,93
2014,2428,1
2016,2436,3
2016,5334,1
2017,2396,1
2013,17807,3
2012,1222,1
2020,1230,3
2017,7719,3
2016,7719,10
2015,7719,3
2019,1183,15
2019,16899,5
2020,16899,3
2012,1235,8
2013,1235,3
2016,1235,7
2020,16903,2
2019,17302,2
2013,9293,2
2014,17268,4
2017,1228,1
2012,1183,13
2015,1183,20
2016,1183,20
2017,1183,17
2014,4601,1
2015,4601,4
2015,2795,10
2016,2795,8
2017,2795,13
2018,2795,9
2019,2795,11
2020,2795,15
2012,3433,6
2013,3433,9
2014,3433,20
2015,3433,21
2016,3433,20
2012,1756,26
2013,1756,10
2014,1756,15
2015,1756,22
2017,1756,24
2018,1756,15
2020,1756,23
2015,437,1
2020,9060,9
2020,21576,26
2018,20179,2
2019,10279,6
2019,1595,1
2019,8170,1
2020,4211,12
2012,3979,7
2015,3979,14
2014,3979,6
2018,10051,2
2018,8139,2
2018,6049,1
2014,27150,1
2016,1893,2
2018,28906,23
2019,10226,1
2017,8158,1
2014,1214,1
2019,1214,5
2015,7980,1
2020,8021,7
2020,8050,3
2019,2731,10
2020,2731,10
2014,1250,2
2018,1250,1
2015,8012,1
2013,317,471
2012,186,16
2014,186,13
2015,186,14
2016,186,18
2018,18712,3
2012,2262,7
2013,2262,12
2014,2262,8
2015,2262,14
2017,1214,5
2018,1214,4
2015,2258,46
2018,2260,1
2013,1822,9
2014,1822,5
2018,1822,4
2020,9508,4
2017,4505,17
2018,4505,13
2019,4505,5
2014,6206,1
2015,6799,1
2017,6799,4
2018,6250,3
2012,5777,19
2013,5777,22
2015,5777,11
2016,5777,9
2018,5777,19
2019,5777,16
2020,5777,22
2016,2895,1
2016,27475,2
2020,27475,5
2018,1574,12
2012,5195,4
2014,5195,4
2019,1826,2
2017,425,42
2016,425,39
2018,5784,6
2015,5784,2
2017,5784,5
2020,5784,1
2016,5354,1
2018,5855,12
2017,5855,6
2013,5855,2
2012,2863,3
2014,2863,5
2018,635,5
2019,5855,13
2019,3683,1
2018,1161,1
2015,3691,6
2016,3691,6
2017,3691,7
2018,3691,6
2020,3691,3
2020,1015,1
2019,3433,24
2020,3433,29
2020,3570,3
2017,4818,1
2016,9508,2
2017,1012,2
2015,1012,3
2016,1150,8
2018,3433,10
2017,3433,5
2018,22796,7
2019,22796,17
2019,4211,5
2013,3689,6
2016,3689,3
2017,17,10
2018,17,6
2019,17,12
2020,17,4
2020,3722,2
2016,11423,1
2018,21493,3
2014,3097,1
2015,3683,1
2014,4194,9
2014,3710,4
2016,3710,6
2015,3711,2
2013,3726,5
2016,3726,2
2012,1076,25
2013,1076,27
2014,1076,28
2015,1076,24
2016,1076,25
2018,1076,16
2019,1076,17
2020,1076,12
2017,20123,8
2019,3733,2
2017,1076,23
2018,20123,4
2019,20123,9
2017,4672,2
2018,1894,1
2016,9467,2
2015,5856,5
2016,5856,12
2017,5856,9
2018,5856,20
2019,5856,18
2020,3846,2
2016,291,65
2017,291,85
2014,16603,7
2016,16603,4
2020,16603,7
2019,16603,7
2020,18012,3
2013,5273,2
2014,291,54
2019,17013,1
2012,1783,6
2014,1783,2
2017,1783,2
2018,1783,3
2020,1783,2
2018,7149,12
2020,10852,1
2013,5727,4
2014,1320,12
2016,1665,19
2019,19526,4
2015,1987,4
2017,1987,3
2020,1987,5
2016,11752,3
2020,124,5
2016,124,9
2013,124,4
2019,10851,1
2018,18616,3
2018,5727,6
2014,8044,1
2014,9895,1
2013,5802,1
2016,5462,4
2016,5438,2
2019,382,5
2020,382,10
2014,5465,3
2015,5471,1
2016,1308,5
2017,382,7
2018,382,7
2019,5452,13
2016,5473,2
2019,5433,1
2013,5452,12
2015,5452,8
2016,5452,17
2018,5452,2
2016,3111,1
2017,3111,7
2018,3111,10
2014,3146,3
2015,3146,6
2016,3146,2
2019,8067,1
2012,1931,3
2020,1931,9
2017,1931,10
2019,1931,12
2019,6218,2
2012,3111,4
2012,2811,2
2017,11723,3
2019,861,1
2017,8273,1
2018,8273,1
2012,7151,2
2015,3285,8
2016,8083,2
2017,21203,3
2017,5433,2
2018,8257,3
2015,1,2
2014,3905,1
2017,1822,11
2013,1243,10
2012,1243,9
2015,10966,1
2020,24691,1
2012,18634,6
2020,3932,1
2017,1240,1
2018,1243,11
2013,12114,1
2020,12109,3
2020,67,23
2019,18241,1
2017,16089,12
2015,2643,9
2014,6057,1
2012,3757,7
2015,3757,2
2017,3757,1
2020,3757,1
2018,6121,3
2012,1078,16
2019,6121,2
2014,6121,2
2018,4092,1
2019,5184,5
2012,10978,1
2014,1389,1
2012,10894,2
2019,8818,1
2015,16259,2
2015,846,1
2015,8662,1
2019,860,6
2020,860,6
2019,4502,3
2019,1566,3
2018,1568,1
2012,2914,3
2014,14412,5
2012,1696,7
2019,4223,5
2018,5533,1
2013,5546,2
2018,14412,9
2020,5515,6
2019,7072,1
2013,2084,1
2016,2084,1
2020,2084,2
2019,6922,1
2016,8959,6
2018,4034,2
2012,1658,1
2014,1658,1
2016,4492,2
2012,181,4
2015,6900,2
2019,6900,2
2018,6900,5
2016,10164,4
2013,10164,1
2020,6588,10
2015,4247,1
2012,9060,1
2014,6002,2
2014,8597,5
2018,8597,1
2020,8597,4
2012,8597,6
2017,4247,6
2015,4242,1
2014,11652,1
2017,1959,5
2020,532,3
2013,532,1
2013,1959,6
2013,1941,9
2015,1675,1
2017,16188,2
2018,1164,3
2015,1670,2
2020,22494,1
2018,1959,6
2020,1959,7
2016,7320,1
2018,16117,1
2016,1675,1
2018,1675,1
2012,3285,6
2019,10137,6
2016,4571,2
2016,11893,1
2018,2516,7
2016,2516,7
2012,6748,1
2018,2567,2
2017,18929,6
2019,2917,4
2014,11808,1
2020,1627,16
2020,19944,2
2019,2470,1
2017,10602,49
2015,18712,6
2014,2471,1
2016,426,8
2017,426,11
2019,426,14
2016,1212,3
2013,1213,2
2012,1213,3
2019,1213,2
2014,20934,1
2015,2558,4
2019,2558,6
2019,2674,1
2018,299,3
2019,299,1
2014,358,8
2018,358,8
2013,2924,1
2012,2673,1
2013,2549,29
2012,6230,1
2012,426,1
2017,3500,1
2017,2920,3
2018,1211,3
2018,1212,1
2016,2669,1
2020,21196,1
2015,1871,1
2020,1861,1
2016,23476,1
2019,23476,3
2016,6579,2
2017,3169,7
2018,3169,5
2013,6422,1
2017,6469,2
2013,527,11
2016,5451,1
2016,7543,6
2019,7543,4
2020,2029,1
2014,6511,1
2020,3169,4
2017,3992,2
2019,6579,1
2013,6499,1
2020,294,6
2012,859,7
2014,859,9
2015,859,9
2016,10762,6
2013,351,1
2012,4415,1
2019,4415,1
2019,170,9
2015,10468,1
2019,10468,3
2013,4415,3
2018,4415,2
2014,1332,2
2019,1332,2
2016,18777,1
2017,417,7
2017,6096,6
2018,350,4
2017,1881,23
2020,6096,3
2019,1604,4
2018,4687,11
2019,4021,2
2015,4253,2
2015,4297,9
2018,4297,7
2012,42,7
2014,42,6
2018,42,17
2019,1442,6
2016,898,2
2013,848,1
2018,4306,4
2019,4306,2
2020,4186,4
2018,4186,2
2014,3820,2
2016,3820,1
2015,4185,1
2019,25112,1
2020,1892,1
2016,5239,1
2018,4226,4
2012,2216,3
2015,2216,3
2018,2216,6
2018,1387,8
2017,1387,6
2020,16314,1
2018,16314,2
2012,11926,1
2014,2224,1
2017,9479,2
2015,9479,2
2017,23785,5
2013,187,3
2018,187,5
2019,187,6
2013,3319,1
2017,252,6
2018,252,7
2012,252,8
2017,3319,2
2017,5007,1
2020,28352,2
2014,3053,1
2017,9021,6
2016,3054,1
2020,25245,2
2012,20188,2
2016,20188,1
2020,20188,3
2015,10894,4
2013,1320,7
2016,1320,5
2013,10894,1
2016,970,1
2015,170,9
2019,6146,2
2017,17074,3
2017,4873,5
2016,1745,7
2013,1745,3
2013,416,19
2013,5675,7
2016,412,4
2018,412,2
2018,16744,3
2019,16242,1
2012,3215,1
2014,3215,1
2020,3209,1
2013,3151,3
2016,3151,1
2019,3151,2
2016,8439,2
2018,8439,1
2019,3178,1
2013,3161,1
2018,8565,1
2017,24700,3
2014,9021,1
2015,3150,1
2013,3176,3
2017,6228,4
2020,3173,1
2020,3185,1
2017,3209,5
2014,2101,4
2016,1522,1
2012,1748,6
2014,1748,10
2015,2,4
2015,5258,2
2017,5258,4
2018,5258,3
2012,171,2
2017,9775,1
2019,9787,1
2020,2580,1
2012,2560,6
2019,859,2
2012,8159,1
2020,4713,2
2016,1901,1
2018,1592,1
2014,3209,4
2013,5107,1
2018,9236,4
2018,9266,2
2019,9266,1
2012,2674,18
2015,825,1
2012,8849,7
2014,8849,4
2015,4380,1
2014,138,1
2013,138,2
2014,121,1
2015,9286,3
2020,4621,1
2012,9266,1
2013,8665,2
2019,9273,1
2020,7555,1
2020,533,1
2015,6616,1
2017,6616,1
2019,3882,5
2015,3249,1
2012,16089,9
2013,16089,5
2013,102,5
2015,7802,2
2015,408,11
2012,7447,2
2016,2708,6
2014,2720,27
2016,2720,25
2020,3042,2
2012,1272,9
2016,11128,2
2018,11128,1
2014,4935,1
2019,8939,1
2013,793,2
2014,2718,1
2012,2718,7
2018,2262,9
2019,2262,15
2018,11138,1
2018,4947,16
2020,11070,3
2016,11560,1
2017,1604,5
2016,11068,1
2018,11530,4
2019,14905,3
2013,2273,6
2015,6689,3
2014,3819,7
2015,3819,3
2013,6713,1
2020,2525,2
2019,16894,2
2013,18616,1
2016,1913,4
2019,4365,12
2020,6221,1
2015,4421,3
2017,4421,2
2015,2954,3
2018,26953,1
2013,2632,1
2018,2632,2
2020,18616,2
2014,1665,4
2017,5351,3
2018,5351,3
2015,3030,1
2018,1665,13
2014,352,5
2013,1310,3
2018,1310,4
2018,8849,3
2019,2998,4
2019,3030,1
2019,352,4
2018,3641,2
2013,3641,1
2019,996,4
2016,3578,2
2020,2997,2
2013,2997,1
2020,5739,4
2017,15940,2
2019,15940,2
2016,22877,1
2020,22877,1
2012,22877,1
2020,23059,1
2018,8421,1
2016,3656,5
2019,163,1
2015,349,3
2018,349,2
2015,8418,1
2020,8452,1
2014,4381,2
2019,3979,4
2013,4859,2
2016,4870,4
2018,4870,3
2015,1606,1
2018,4142,3
2012,17071,2
2017,4226,3
2012,4226,1
2016,8933,4
2019,6169,1
2013,14744,1
2020,9960,1
2019,200,1
2017,9389,1
2019,19772,1
2012,16018,1
2015,7847,1
2019,5328,1
2013,5262,4
2020,5262,1
2020,5263,1
2020,18712,3
2019,8908,3
2020,8908,7
2012,1858,6
2014,1858,1
2017,1858,2
2016,138,9
2017,36,7
2019,18712,2
2015,2482,3
2017,2482,2
2019,2482,1
2019,2483,1
2016,17418,3
2019,24934,1
2020,24934,3
2017,5288,1
2016,8984,1
2019,7659,2
2017,7609,1
2020,6171,4
2017,6048,3
2016,6743,3
2017,17358,2
2018,6036,14
2018,1754,21
2016,7717,2
2015,6678,3
2017,7717,1
2019,9195,1
2016,10352,1
2013,2895,2
2020,21683,1
2015,10411,3
2012,2321,2
2019,2321,9
2020,2321,11
2017,2321,3
2018,28464,3
2019,28464,6
2017,10355,1
2013,3456,3
2014,3456,4
2020,2901,5
2020,2208,2
2017,23082,3
2016,19787,1
2020,10308,1
2018,10293,1
2012,10293,1
2017,10295,1
2012,575,6
2014,575,2
2018,3542,1
2013,3554,1
2016,3785,2
2019,3361,12
2013,3614,3
2014,3614,8
2020,3614,2
2017,8044,3
2019,7185,1
2020,23140,2
2017,23443,1
2017,10894,3
2013,164,1
2017,10762,4
2018,124,4
2019,1149,1
2020,10756,1
2014,861,1
2018,2595,2
2016,2594,1
2015,2900,3
2020,4950,1
2017,25425,1
2016,2165,13
2018,2165,6
2020,2165,6
2015,2165,5
2015,4630,1
2013,5218,1
2014,2165,7
2013,2165,3
2013,2751,3
2019,71,1
2020,23092,2
2012,11,7
2020,20123,16
2017,2013,2
2017,19169,4
2019,6225,5
2013,3478,2
2014,8410,4
2015,1449,1
2016,1449,3
2018,181,12
2015,5542,1
2017,5574,1
2018,5574,2
2012,1049,13
2012,67,39
2017,5542,1
2017,1049,5
2013,1355,2
2017,1355,1
2012,7815,3
2014,7815,10
2018,5552,5
2019,8852,8
2014,7696,4
2016,7696,2
2015,7696,1
2018,5555,1
2020,9411,6
2017,9411,4
2020,8505,1
2014,314,2
2015,5083,1
2013,5083,2
2015,3374,4
2012,3374,14
2013,3374,13
2015,3816,1
2017,3816,1
2019,3816,2
2013,425,10
2016,6187,2
2018,122,1
2017,3381,1
2018,4609,1
2018,25426,1
2015,6251,4
2018,3816,1
2017,6251,2
2019,3402,1
2017,25426,2
2017,2811,7
2018,3229,1
2018,3246,1
2015,2811,3
2014,1727,3
2017,1577,14
2014,3223,3
2017,3223,4
2018,3223,1
2016,7274,3
2019,1670,2
2020,17385,1
2015,73,4
2017,1942,4
2013,1942,6
2015,1942,3
2019,1942,7
2020,1942,5
2015,2209,4
2019,2209,2
2014,4418,3
2014,73,3
2018,1320,1
2012,2322,4
2018,12380,14
2016,16259,3
2014,3564,1
2020,11943,4
2017,165,5
2012,3,3
2017,3,3
2020,3,10
2020,3564,2
2013,6048,4
2018,4194,3
2013,27199,1
2018,439,1
2013,6075,5
2012,16259,1
2012,422,1
2015,3330,1
2017,10446,1
2020,10446,1
2020,7244,11
2019,7284,2
2020,7284,2
2017,2440,2
2017,9598,4
2016,9602,1
2014,2883,1
2016,8841,3
2020,2905,1
2015,4696,1
2018,8859,11
2019,4721,1
2019,2611,1
2012,1073,3
2014,1073,1
2014,6890,4
2014,27064,4
2013,27064,1
2020,27064,1
2012,2937,2
2014,2367,3
2014,2062,7
2015,2062,2
2012,2062,8
2012,2273,8
2017,5976,3
2018,5950,2
2017,2062,4
2014,4873,4
2020,2062,2
2015,4873,4
2017,5946,1
2019,5946,2
2020,5946,1
2017,6464,4
2012,6464,2
2016,6464,3
2013,6464,2
2019,6368,3
2020,4386,2
2015,1305,1
2017,1305,4
2016,377,5
2018,377,5
2017,21814,1
2017,1187,1
2012,1208,2
2020,1209,1
2014,9466,4
2012,1188,2
2013,1188,2
2016,1188,5
2014,1190,3
2015,1190,4
2017,4386,3
2017,1574,7
2012,4304,1
2017,4304,1
2014,16259,2
2020,5727,2
2017,2,4
2017,384,1
2013,5130,2
2019,5130,7
2018,5130,7
2019,5236,2
2017,5727,4
2014,2133,1
2020,12294,1
2020,432,2
2014,432,5
2017,7274,2
2020,23748,1
2012,25938,1
2019,26034,1
2014,26034,1
2014,1696,4
2016,16071,1
2016,2840,1
2013,2782,2
2012,7274,1
2013,434,6
2015,434,1
2016,434,2
2018,434,5
2020,434,2
2020,25480,7
2015,1121,1
2019,45,23
2019,4885,2
2020,4885,1
2014,2371,8
2013,3612,3
2018,3612,4
2019,3612,7
2020,5093,12
2016,4996,1
2017,2371,7
2018,2371,2
2018,6995,1
2019,3523,2
2020,3523,2
2019,9064,1
2020,9064,3
2012,8859,7
2018,6228,1
2014,2359,1
2012,2359,1
2019,18080,2
2016,7202,1
2016,8820,2
2014,5830,2
2015,5830,5
2014,2396,1
2013,2397,2
2019,2436,4
2017,5334,2
2018,5334,2
2020,5334,2
2014,994,2
2017,994,1
2015,2427,1
2017,2427,1
2020,5307,2
2018,2397,2
2018,17807,5
2020,5308,3
2019,17807,1
2016,21052,1
2019,7719,5
2018,7719,5
2017,9869,1
2014,1235,4
2015,1235,4
2020,3407,1
2015,3408,1
2017,4601,3
2014,2795,6
2016,1756,14
2019,1756,13
2018,1595,2
2020,8170,2
2018,10224,1
2020,10232,1
2013,3979,2
2017,8177,1
2019,8158,1
2012,27150,2
2015,1894,2
2019,10235,1
2020,3979,5
2017,10270,1
2020,1214,6
2020,7322,2
2019,1250,1
2016,1251,1
2020,7994,1
2017,7828,1
2020,8100,5
2012,1822,11
2015,1822,5
2016,1822,6
2018,6206,1
2019,6206,4
2012,6179,2
2020,3111,2
2014,5777,16
2018,2895,5
2019,2895,3
2019,27475,3
2016,5784,7
2019,5784,2
2020,1160,1
2017,2621,2
2015,635,4
2014,635,2
2020,5355,5
2019,635,4
2016,5855,2
2014,5855,3
2018,3722,1
2019,3691,7
2020,3683,1
2016,1015,4
2020,1161,1
2020,3689,2
2018,1012,3
2018,1150,4
2018,4211,2
2015,10974,3
2015,3689,3
2015,17638,1
2016,17,6
2014,17,1
2018,3689,8
2019,3689,11
2012,3097,2
2013,4194,1
2016,4194,5
2017,4194,2
2012,3711,1
2012,3726,1
2015,3726,3
2016,3829,1
2012,3847,1
2019,10894,3
2014,20123,1
2015,20123,3
2016,20123,6
2018,3710,6
2014,4648,4
2016,3846,1
2017,3726,1
2020,5856,13
2019,3847,1
2013,16603,4
2017,16603,2
2018,16603,5
2016,18225,2
2015,5273,1
2013,1783,4
2019,7149,5
2020,10859,1
2018,23785,5
2013,21052,4
2018,1987,3
2019,1987,3
2015,7604,1
2017,1394,1
2013,10858,3
2017,10851,1
2018,10851,1
2019,5727,3
2013,9895,1
2014,5462,2
2019,5462,3
2020,5462,3
2013,378,2
2016,5471,4
2017,11752,3
2020,1308,4
2012,382,1
2014,382,7
2015,382,7
2016,382,6
2017,3252,1
2018,5433,1
2014,5452,11
2020,5452,3
2020,5433,3
2013,3146,1
2017,3146,2
2018,3146,4
2014,1931,6
2018,426,11
2017,6226,3
2018,6226,1
2019,11712,1
2020,861,2
2020,8067,1
2016,8082,1
2019,8273,1
2018,3109,1
2016,5433,1
2019,6228,2
2015,1243,6
2012,1245,1
2018,3136,1
2019,13136,3
2012,4285,4
2013,4285,2
2016,11345,3
2019,3757,1
2018,4285,4
2019,6057,1
2013,4077,1
2014,4077,1
2012,230,8
2020,5245,1
2016,860,3
2019,8688,1
2014,1260,3
2015,1260,2
2013,1389,1
2019,10047,1
2017,846,1
2014,8662,2
2017,8662,2
2018,860,2
2017,4502,2
2012,11322,2
2020,1564,5
2012,1568,1
2020,4223,5
2018,12361,2
2019,12382,1
2012,2903,1
2012,14412,4
2015,14412,1
2018,1569,1
2017,12374,1
2013,1565,1
2020,7072,1
2020,8964,1
2018,11170,1
2015,4034,1
2012,4034,1
2014,2084,3
2019,2084,1
2020,925,1
2020,6922,1
2018,8959,2
2019,8959,3
2017,5793,4
2019,5793,6
2013,181,2
2016,5803,1
2020,5803,1
2020,6601,2
2020,10164,5
2017,6904,1
2014,4247,3
2016,4247,3
2012,4247,1
2019,18187,1
2015,8597,2
2015,11614,1
2019,1959,5
2019,4708,2
2014,1675,2
2017,2451,1
2018,16188,1
2016,1112,4
2016,1164,3
2016,7149,5
2012,7352,2
2020,7352,1
2017,1675,1
2020,1675,2
2020,10137,2
2012,5325,1
2012,1898,1
2017,17718,1
2016,1897,1
2019,18929,7
2020,2573,3
2015,2917,1
2014,1762,1
2012,5133,2
2012,2473,1
2018,8860,1
2019,8860,1
2015,138,2
2019,1211,1
2015,1212,3
2020,21222,3
2019,21352,3
2019,21487,1
2020,2926,3
2019,2926,1
2015,3567,2
2020,299,1
2012,358,4
2012,6171,2
2012,17807,2
2015,16137,3
2015,16235,1
2020,16235,1
2019,15192,1
2020,22573,1
2020,22643,1
2018,1647,1
2014,3169,3
2014,3470,4
2019,524,2
2014,5451,3
2013,6511,1
2018,6511,4
2016,3992,1
2020,6456,2
2019,3166,1
2019,294,2
2017,10492,3
2015,3361,6
2012,10762,2
2014,10762,3
2020,20406,2
2013,1332,2
2017,3361,4
2020,20709,1
2017,2914,2
2018,1332,2
2019,6082,1
2018,417,3
2015,350,1
2016,330,2
2017,330,3
2013,1604,3
2018,1604,2
2020,4021,2
2017,6672,1
2019,4047,2
2019,4230,3
2020,8651,1
2017,42,14
2013,8933,1
2015,11790,3
2017,11790,8
2017,17540,1
2020,8933,2
2020,4230,2
2019,18722,3
2014,4186,3
2018,3820,1
2017,100,9
2016,25112,3
2020,2119,1
2019,18646,1
2016,2216,7
2019,9999,1
2015,10499,1
2018,2222,3
2020,2222,2
2016,8656,1
2020,28539,1
2013,7294,1
2013,9492,1
2020,3303,2
2014,901,1
2019,8312,1
2018,8312,1
2018,7491,1
2019,7491,3
2016,3053,1
2017,21381,2
2019,3054,1
2019,20188,1
2018,7465,3
2020,7276,1
2017,970,3
2012,18719,1
2016,170,12
2015,17074,3
2012,1745,7
2017,14981,1
2020,14981,1
2013,5642,1
2015,1739,1
2014,5675,3
2017,412,3
2018,5643,1
2020,5642,4
2019,16744,1
2019,17854,1
2020,16242,2
2016,2758,2
2013,NA,2
2013,2308,5
2019,6937,1
2016,6951,16
2012,3209,4
2015,3151,3
2014,3150,1
2020,8439,6
2016,914,2
2017,3948,5
2017,3210,2
2020,8948,1
2015,3176,2
2016,3176,4
2014,5216,1
2012,5216,5
2016,5258,2
2018,171,1
2019,19466,3
2014,18642,1
2015,9787,1
2020,5258,1
2016,11490,1
2020,11490,2
2020,18755,1
2019,4713,1
2014,1899,2
2015,818,1
2013,26169,1
2017,26169,1
2013,9286,2
2017,9271,2
2019,9271,2
2019,9286,1
2019,1564,3
2017,533,3
2014,3882,1
2017,3882,2
2018,3882,1
2017,1564,2
2019,7770,3
2020,102,1
2017,7584,1
2018,7584,1
2013,7802,1
2019,16245,1
2015,1272,1
2013,1272,6
2020,11118,1
2012,3061,4
2012,8939,1
2015,793,2
2016,793,1
2016,2718,3
2015,2265,3
2020,11099,1
2018,19395,8
2016,22676,2
2014,2725,4
2020,16261,6
2016,2265,2
2014,4844,1
2017,11938,1
2015,18344,2
2012,3825,1
2012,2046,1
2017,4844,3
2014,6689,3
2018,2524,3
2014,1913,2
2015,4365,9
2017,4365,7
2020,18618,4
2016,4421,4
2014,2954,1
2014,2632,4
2015,3613,2
2020,3613,1
2014,2613,1
2015,1939,3
2012,1310,4
2014,2998,1
2016,2017,4
2017,2017,1
2019,3641,2
2014,996,2
2012,2988,1
2017,3589,1
2016,2997,2
2019,16727,1
2019,5739,1
2019,2918,5
2019,22795,2
2018,22877,1
2020,23032,3
2015,11723,1
2012,163,1
2013,349,4
2016,7982,1
2013,4570,1
2019,9385,2
2018,9508,1
2019,3665,1
2019,8636,1
2017,17149,4
2012,7618,1
2018,8908,1
2016,1858,3
2019,2248,1
2015,7993,3
2018,6788,2
2015,6048,3
2014,20,5
2019,438,1
2019,6788,1
2020,28283,2
2019,7609,2
2018,8044,8
2020,4046,2
2018,5968,2
2019,5968,1
2014,2895,1
2018,10421,1
2020,10373,2
2018,10394,4
2013,2321,2
2017,10367,1
2016,3456,2
2020,3456,1
2018,23082,13
2017,10930,1
2019,10377,1
2019,10411,1
2015,10295,1
2013,575,4
2017,5117,2
2015,16089,3
2017,575,2
2012,5130,3
2018,3785,1
2017,3614,2
2019,5137,1
2012,432,4
2020,7260,1
2013,7281,1
2019,23342,1
2018,23443,3
2016,3461,1
2016,1149,1
2015,1149,3
2015,2595,3
2020,2595,3
2014,2016,1
2014,5247,1
2019,5220,1
2015,299,1
2015,4950,1
2017,2165,7
2015,5007,3
2019,20427,1
2014,327,1
2018,9068,1
2019,8901,1
2016,259,1
2018,2013,2
2019,2694,1
2018,8550,5
2018,19169,1
2019,19169,1
2020,17608,1
2020,17468,1
2018,17605,1
2017,9361,1
2020,19297,1
2019,19297,1
2016,2687,1
2020,1449,2
2015,181,2
2016,181,4
2019,5581,1
2014,1049,3
2014,8471,1
2018,1049,4
2019,8487,1
2014,1355,1
2015,1355,3
2020,1355,1
2016,7815,4
2017,7815,2
2020,5548,1
2018,7696,3
2018,9411,2
2020,5083,1
2012,6251,2
2019,3374,1
2016,3374,1
2016,4486,1
2015,122,2
2016,6535,3
2020,6535,2
2020,2811,4
2015,3279,1
2017,3229,3
2017,2844,1
2016,1727,1
2015,3223,1
2016,1670,2
2016,73,6
2016,1942,3
2016,27961,1
2019,1936,3
2013,381,3
2017,2326,2
2020,11044,2
2017,3908,6
2017,5235,1
2015,2322,2
2016,2322,3
2016,9461,1
2019,3595,9
2018,19526,4
2015,439,1
2018,6097,2
2019,6097,3
2015,422,1
2019,422,4
2014,6100,1
2017,3330,2
2012,3330,1
2016,6075,3
2012,7284,8
2016,6073,1
2018,2440,4
2019,2440,1
2018,2473,1
2016,1782,1
2016,7570,2
2020,9602,1
2020,9608,3
2015,9640,1
2012,2475,1
2013,2883,2
2015,2883,1
2017,9635,4
2018,9635,2
2018,2883,5
2019,2883,1
2020,2883,2
2017,4046,1
2020,4698,1
2014,4721,1
2020,2900,2
2016,1073,1
2018,27064,4
2017,27064,1
2014,2937,1
2017,2367,1
2020,23772,1
2014,2273,3
2014,5976,2
2016,5976,2
2019,5976,1
2017,5950,1
2018,9749,5
2013,9749,1
2014,9749,2
2020,9749,1
2013,6355,1
2018,1305,5
2019,5954,1
2012,377,5
2014,377,1
2016,6890,2
2020,6890,1
2014,6330,1
2019,9467,2
2019,9466,3
2013,1190,3
2013,4316,2
2020,5860,1
2016,5860,1
2019,6902,1
2012,8044,3
2017,6282,1
2019,12278,4
2020,12258,1
2014,2,2
2019,384,2
2016,5130,4
2020,5236,3
2017,5716,1
2019,432,2
2013,1696,3
2014,2301,1
2014,2782,1
2014,7274,1
2020,26037,2
2018,2856,1
2015,12228,1
2017,2780,2
2020,23445,1
2019,3537,6
2012,5093,3
2016,3612,2
2014,3523,5
2020,7096,1
2015,6228,1
2016,6959,4
2019,7038,1
2019,8841,6
2018,2358,1
2017,991,2
2015,6221,1
2017,8820,2
2013,5830,1
2016,5830,2
2018,2398,1
2013,994,3
2020,994,1
2013,2427,3
2013,2428,3
2018,2428,1
2015,5334,1
2019,5308,1
2015,4568,1
2019,1222,1
2018,1230,1
2019,1235,5
2020,7719,1
2020,9889,1
2013,1230,1
2012,1230,1
2015,1230,2
2019,3407,4
2014,7608,1
2014,9293,2
2017,1224,1
2018,1235,3
2016,4601,5
2013,2795,3
2014,4602,4
2020,10279,3
2018,10279,1
2018,11983,2
2018,11995,1
2016,8158,1
2016,28906,1
2018,3979,10
2012,1220,1
2020,1251,2
2019,7994,1
2013,186,13
2017,909,1
2020,7132,1
2020,8044,9
2016,6250,2
2017,2895,4
2017,9415,3
2019,9415,2
2020,9415,2
2013,2621,1
2013,2863,5
2015,5855,2
2018,3683,3
2017,3692,1
2014,1015,3
2017,1015,2
2014,9508,3
2016,3088,1
2012,3088,1
2017,3689,2
2018,861,2
2017,4832,1
2019,3097,1
2012,3683,1
2015,4194,3
2020,3726,2
2014,3726,2
2020,10894,4
2013,20123,1
2019,21822,1
2012,2209,4
2018,3726,1
2020,10904,1
2019,18222,1
2017,3052,2
2016,5273,2
2017,11575,1
2020,7149,3
2020,17119,1
2012,1320,3
2020,19830,1
2020,10842,2
2020,19526,2
2014,1987,2
2016,1987,2
2014,1983,1
2015,11752,3
2013,10854,1
2014,10854,2
2016,10858,1
2017,10858,3
2016,9895,2
2018,5462,4
2018,5438,2
2013,382,4
2018,21052,1
2015,5433,1
2013,1931,2
2020,8249,1
2014,8082,1
2018,8231,1
2020,8257,1
2018,1245,1
2012,17074,1
2017,4285,5
2018,5994,1
2014,435,1
2013,11345,1
2015,11345,1
2017,6057,1
2016,3948,3
2018,10978,1
2014,860,1
2015,8699,1
2012,1389,1
2017,860,4
2019,8722,1
2020,8857,1
2018,1389,1
2012,1569,2
2013,4425,1
2014,5515,1
2017,14412,2
2020,12409,1
2017,2900,4
2020,10706,1
2018,6846,1
2019,6846,1
2013,4034,2
2019,3990,1
2017,2084,1
2015,3955,1
2020,223,1
2020,6872,3
2012,5826,1
2014,6672,1
2019,4492,1
2020,4492,2
2016,6900,2
2015,6904,1
2014,4205,1
2016,11652,1
2016,1959,1
2014,23962,1
2015,1112,3
2014,1164,2
2017,19614,2
2017,7320,2
2016,11938,1
2018,11863,1
2012,1762,1
2014,865,1
2020,1212,3
2017,20895,1
2015,358,3
2016,2920,1
2016,2924,1
2018,2669,1
2017,1211,3
2018,16137,4
2013,9060,1
2020,1871,1
2020,18837,1
2017,16235,1
2012,1861,3
2013,4802,2
2012,2029,1
2015,3992,1
2019,6456,1
2015,6456,3
2017,3166,1
2020,7565,1
2017,294,3
2020,26644,7
2019,10492,1
2015,10762,5
2016,4415,2
2020,8686,1
2019,20709,1
2019,10462,1
2017,1332,2
2020,351,1
2012,330,2
2015,5187,1
2012,6096,2
2014,1604,2
2013,4047,1
2020,848,2
2013,1442,3
2015,1442,1
2016,848,1
2013,4297,7
2018,11796,1
2014,1112,2
2017,4059,2
2018,1741,1
2019,844,2
2018,18722,1
2015,3820,1
2017,25112,3
2015,1892,1
2017,2119,1
2018,2118,2
2019,2118,2
2018,8723,1
2020,5239,2
2016,2222,1
2019,2224,1
2017,9467,1
2018,9980,1
2020,8606,1
2017,9499,1
2020,1070,1
2020,7294,1
2013,17,3
2019,3288,2
2018,5007,2
2016,7530,1
2017,7491,1
2015,19352,1
2014,4792,1
2015,3054,2
2017,7412,1
2018,7412,1
2017,9027,1
2015,970,2
2019,6425,2
2018,1745,4
2014,1739,1
2019,16648,1
2014,412,2
2016,10330,2
2019,165,2
2014,NA,3
2015,7016,1
2015,9467,3
2014,911,2
2019,3215,1
2020,3215,1
2012,3210,1
2020,3151,2
2020,4948,2
2019,8469,2
2020,24700,1
2018,24700,4
2015,9021,3
2014,3948,3
2013,3948,1
2014,8908,1
2017,8396,1
2012,1952,1
2015,171,1
2019,171,1
2016,108,1
2015,2580,2
2013,2573,1
2013,5072,1
2014,5072,1
2015,26169,1
2013,121,1
2018,121,2
2017,9266,1
2020,7151,1
2020,9271,1
2020,9293,1
2017,6626,1
2016,533,2
2016,3882,1
2020,3882,1
2020,6616,1
2016,3904,4
2019,102,2
2012,3249,2
2017,102,1
2016,7446,1
2012,3322,1
2019,7447,1
2020,11540,1
2016,14905,1
2019,16240,1
2017,2271,1
2020,11101,1
2017,11128,2
2013,8939,3
2014,8939,1
2018,793,3
2019,4946,1
2018,1645,3
2013,2718,3
2020,11530,2
2020,11553,1
2019,11145,1
2020,2544,1
2012,21576,1
2017,6609,2
2017,6713,1
2017,18616,1
2014,4372,1
2018,4372,1
2017,1913,3
2017,2643,5
2013,4421,1
2018,4421,1
2017,2954,1
2018,2954,1
2016,2632,2
2014,3613,2
2017,3613,1
2019,3613,2
2013,2613,1
2019,8849,2
2016,2998,1
2016,5351,1
2012,3641,1
2017,3008,1
2020,352,1
2014,8735,1
2018,996,2
2020,3578,1
2018,2997,2
2017,16727,1
2018,23032,1
2019,23032,1
2020,8421,2
2019,3621,1
2019,23383,1
2014,16399,3
2015,4870,1
2017,14744,1
2016,17149,1
2018,14664,1
2012,2297,1
2014,5263,1
2018,18684,1
2018,5262,2
2015,17418,2
2018,2248,1
2014,5288,1
2018,7620,1
2019,7620,3
2018,7659,2
2018,4070,1
2015,7717,1
2015,438,1
2016,6686,1
2019,7950,1
2020,6788,1
2013,3449,1
2014,2321,1
2015,2321,3
2017,10411,4
2018,3424,2
2019,23082,1
2020,10355,3
2017,10308,1
2019,3352,2
2014,3542,1
2017,3542,2
2016,3554,6
2013,3819,2
2018,11423,1
2019,10762,2
2018,1149,1
2019,10754,1
2020,10769,1
2019,5241,1
2018,230,5
2014,2013,1
2015,8159,1
2020,327,1
2016,2013,1
2019,2679,2
2017,2694,1
2018,2694,1
2015,9361,1
2017,8550,3
2016,1911,5
2016,6225,2
2020,17437,1
2012,1484,2
2015,3478,1
2015,8410,1
2018,7636,1
2016,7622,1
2017,7654,2
2016,7681,1
2020,7676,1
2014,8852,1
2015,8852,3
2020,7717,2
2015,314,2
2019,4444,1
2014,2844,2
2014,4036,1
2012,3279,1
2016,3229,4
2018,5631,1
2019,5631,1
2017,4492,2
2012,3223,2
2018,11292,1
2017,1670,2
2019,27629,1
2019,19395,2
2019,19458,2
2012,4418,1
2017,4418,4
2018,2326,1
2017,2322,1
2015,4802,1
2015,4755,1
2017,5410,1
2019,5410,2
2015,19526,2
2016,19526,2
2018,2580,2
2014,3,2
2012,17093,1
2016,6124,2
2012,18616,1
2015,7284,1
2019,2473,2
2019,3015,1
2016,2506,3
2014,9602,1
2020,9640,1
2016,9665,1
2016,2883,4
2020,2609,1
2016,2900,1
2012,2900,1
2016,4721,1
2020,9563,1
2016,200,2
2016,27064,1
2013,2937,1
2014,5950,1
2019,5950,4
2016,9749,1
2017,9749,3
2015,6464,3
2018,4386,3
2012,1305,1
2017,5954,1
2015,4386,1
2015,9466,3
2020,9466,3
2019,1190,3
2014,9467,2
2015,6902,2
2015,1208,1
2019,5860,5
2012,386,1
2014,386,1
2015,386,1
2019,12258,2
2016,2,1
2012,384,2
2015,384,3
2020,12228,1
2020,12203,1
2019,17767,1
2015,10022,1
2019,25486,2
2018,17299,1
2013,7274,1
2019,434,1
2012,12228,1
2018,7274,3
2018,10012,1
2019,17808,1
2019,2301,1
2016,3871,1
2016,9074,2
2017,4885,1
2012,5050,1
2019,7081,2
2014,2356,1
2020,2358,1
2019,8812,1
2015,2359,4
2016,6221,2
2017,6932,2
2012,2436,1
2014,5321,1
2016,995,1
2015,991,1
2020,991,2
2017,2436,2
2014,5334,1
2018,5307,1
2017,5307,1
2019,5307,2
2013,1222,1
2013,17268,1
2015,17268,1
2020,4602,1
2020,3820,1
2017,3820,1
2015,8221,1
2017,3979,2
2020,10235,2
2020,10051,1
2015,27150,2
2019,16926,1
2012,1218,1
2019,1218,1
2014,1251,1
2013,7818,1
2012,909,1
2018,1215,1
2013,6179,2
2016,635,4
2012,1015,2
2013,1015,3
2015,4818,1
2013,4818,1
2017,9508,3
2017,22796,1
2019,25807,1
2015,4832,1
2018,4831,1
2020,3097,1
2017,3677,1
2020,3677,1
2012,3829,1
2019,3829,1
2017,3846,1
2016,5133,1
2020,18222,2
2012,16603,1
2017,5273,1
2012,1394,1
2015,10858,2
2013,23206,1
2018,1308,1
2020,1314,1
2017,5473,1
2019,21052,3
2019,8249,2
2020,3269,1
2020,11723,3
2017,8082,2
2013,8251,1
2013,7151,2
2014,7151,1
2014,8257,1
2017,8083,1
2014,12089,3
2018,12089,2
2020,23738,1
2019,1822,1
2015,1245,1
2013,10966,2
2018,1,1
2014,2657,1
2016,13136,1
2016,4285,3
2016,5994,2
2020,6057,1
2015,5969,1
2018,5969,2
2012,11038,1
2017,6121,1
2018,4068,2
2017,4092,1
2019,229,1
2018,5184,2
2013,4092,1
2016,10047,1
2012,8699,1
2013,8699,1
2017,1389,1
2015,2907,1
2014,11322,1
2016,1566,1
2019,1567,1
2020,1567,1
2015,5546,1
2018,4425,1
2017,1566,1
2020,19663,2
2016,5515,1
2020,24535,1
2019,23962,1
2019,23774,1
2019,8964,4
2020,4034,4
2016,3955,1
2020,8959,3
2013,5793,2
2014,181,1
2016,5768,1
2018,2914,2
2016,6601,1
2018,6601,2
2017,10164,1
2015,10164,2
2014,6588,1
2020,6904,1
2020,6002,1
2018,6012,1
2019,12328,1
2012,1941,1
2018,2451,1
2014,16188,1
2012,1164,2
2012,16188,1
2020,10161,2
2018,631,1
2019,10212,2
2012,3820,2
2019,3789,2
2018,3815,1
2016,1898,1
2018,11201,1
2019,2573,1
2017,1295,1
2018,2917,2
2020,4858,1
2013,3486,1
2020,3491,1
2013,358,2
2019,2557,1
2012,2567,1
2012,2554,1
2020,2554,1
2012,16137,2
2014,16137,2
2013,1861,3
2014,3407,3
2018,16123,1
2018,23476,1
2015,3169,2
2013,3470,1
2020,7511,1
2018,6469,1
2016,524,1
2017,6511,1
2019,3470,2
2013,3992,1
2019,6499,2
2020,6499,1
2018,294,2
2018,19075,2
2020,10492,1
2020,10499,1
2019,20282,1
2015,4415,1
2019,417,2
2019,6096,4
2017,18777,1
2018,8963,1
2020,16572,3
2014,1442,4
2017,1442,2
2014,8841,1
2015,8841,3
2015,848,1
2018,11790,1
2018,19101,1
2016,19101,1
2014,2118,2
2013,4176,1
2015,3555,1
2013,2216,1
2019,9980,1
2020,19615,1
2016,737,1
2014,27357,1
2014,3277,1
2012,3673,1
2013,3277,2
2014,7438,1
2018,20188,4
2016,7491,2
2016,3034,1
2020,4792,1
2018,3054,1
2017,7465,1
2017,7276,1
2015,9223,2
2016,9223,2
2019,6438,1
2013,1739,1
2020,16744,1
2019,20340,3
2019,412,1
2019,3111,3
2017,NA,2
2018,NA,2
2019,NA,2
2014,6951,2
2019,3209,1
2013,3210,1
2016,3210,2
2018,3151,1
2012,8451,1
2018,3984,1
2019,3984,3
2012,8469,1
2018,8469,1
2013,9021,3
2019,22636,2
2016,3150,1
2012,3176,1
2018,3150,1
2018,28163,1
2018,1522,1
2017,11463,1
2020,171,1
2014,2580,1
2019,16705,2
2019,2580,1
2019,1593,1
2018,4745,1
2012,1899,2
2016,1593,1
2013,1255,1
2013,1199,1
2020,5556,1
2019,5556,1
2016,121,2
2016,9280,5
2018,7249,1
2016,9271,2
2012,1564,2
2014,533,1
2020,7584,1
2013,3249,1
2017,7802,1
2015,3322,1
2012,16245,1
2016,14878,1
2015,2706,1
2017,6578,1
2017,1253,1
2017,4840,2
2020,6689,1
2017,6221,2
2014,2638,2
2018,2638,2
2014,5351,1
2016,8732,1
2014,2017,2
2018,2017,2
2015,5739,2
2014,3008,1
2019,2997,1
2018,16727,2
2016,16727,1
2019,10939,1
2019,10930,1
2016,22613,1
2014,8421,1
2015,3656,3
2016,8460,1
2016,349,2
2016,336,1
2016,23065,1
2018,9300,2
2020,7730,1
2017,4870,2
2012,4570,1
2020,4570,1
2014,1264,1
2018,14744,1
2020,14664,1
2017,1264,1
2020,1603,1
2019,19487,1
2012,1347,1
2017,5328,1
2015,5263,1
2013,1858,2
2015,1858,2
2019,7993,4
2019,6171,1
2012,4046,1
2014,4070,1
2019,4070,2
2020,6048,2
2018,6678,1
2020,5968,1
2019,10394,2
2017,3456,1
2019,3456,1
2017,2208,1
2017,28464,1
2015,10293,1
2012,3542,1
2018,575,1
2019,575,2
2018,10296,1
2018,5117,2
2018,3614,1
2017,5137,1
2014,1368,1
2012,265,2
2012,23443,1
2013,23443,1
2018,10894,1
2017,2492,1
2015,3461,1
2020,10762,2
2020,3480,1
2015,271,1
2012,71,2
2018,71,1
2020,20155,2
2019,8900,2
2020,895,1
2013,2694,5
2020,17323,1
2013,19169,1
2014,1453,1
2014,3478,1
2019,2182,1
2020,19173,1
2017,7622,2
2016,7654,2
2015,5574,1
2016,5574,1
2016,735,2
2019,8586,1
2018,7815,3
2013,7815,1
2018,18401,1
2013,18401,1
2020,7654,1
2012,9411,1
2017,8462,1
2019,9167,1
2014,3381,1
2020,6251,3
2015,2805,1
2015,4036,1
2015,3229,2
2019,1727,1
2018,4492,2
2017,1949,1
2020,27221,1
2018,27961,1
2018,1936,2
2020,4418,1
2014,2326,1
2018,2322,1
2018,12723,1
2019,11943,1
2015,21027,1
2019,1317,2
2014,3356,2
2020,6097,3
2020,2440,1
2020,2473,1
2019,9637,1
2019,2904,1
2019,9694,1
2012,2987,3
2020,10966,3
2017,1073,2
2015,2937,1
2015,1762,1
2015,6225,2
2018,2273,1
2019,2062,4
2012,4873,1
2012,9749,1
2019,9763,1
2020,6098,1
2019,4873,1
2017,6330,1
2020,11812,1
2016,1305,2
2017,1188,3
2012,1190,1
2016,1190,2
2017,1190,3
2017,4316,1
2019,5752,1
2019,386,1
2019,12228,1
2020,17868,1
2017,24748,1
2018,24748,1
2019,17540,1
2018,15129,1
2020,10019,4
2012,17808,2
2013,17808,1
2018,2301,1
2017,3871,1
2020,9074,1
2014,3552,1
2014,3566,1
2016,3566,1
2016,3523,1
2018,3566,3
2014,18112,1
2016,2359,4
2017,5830,1
2015,2396,1
2012,2397,2
2015,2397,1
2015,2436,1
2015,5351,1
2020,5351,3
2016,2397,1
2017,2397,1
2015,18532,1
2020,7634,1
2019,9884,1
2016,3407,1
2012,3408,1
2019,16903,1
2019,9809,1
2019,4711,1
2017,1235,2
2017,20179,1
2019,16099,2
2017,11995,1
2018,437,2
2019,437,1
2018,10232,1
2018,23846,2
2017,2887,1
2016,25473,1
2019,4264,1
2017,10298,2
2019,10298,1
2015,1214,1
2019,1220,3
2019,8037,1
2019,7818,1
2019,9621,1
2017,908,1
2016,7798,1
2020,7798,1
2018,1220,1
2017,1250,1
2016,6206,2
2020,6206,2
2013,6250,1
2018,5966,1
2012,2895,1
2015,2863,5
2012,635,2
2014,1154,1
2014,5403,1
2014,3691,2
2018,1015,1
2016,4818,2
2015,9508,1
2012,4831,1
2015,17,1
2017,28478,1
2013,3680,1
2019,1150,1
2017,18083,1
2017,861,2
2013,3064,1
2016,1409,1
2020,3847,1
2018,18012,1
2012,18225,1
2020,18401,1
2015,1783,1
2016,1783,1
2020,18244,1
2019,10854,1
2012,1973,2
2014,7604,1
2018,10858,3
2017,10859,1
2020,10851,1
2017,10847,1
2015,10833,1
2017,5438,1
2015,5438,1
2014,378,1
2014,21052,1
2014,5433,1
2012,5452,2
2014,3111,2
2015,3111,3
2020,3146,3
2019,3269,1
2016,2811,1
2015,8082,1
2012,3280,2
2014,3280,2
2015,3280,1
2020,8251,1
2019,12131,1
2014,1245,1
2018,12114,1
2019,3786,1
2012,6057,1
2017,6139,1
2018,6057,1
2020,4068,1
2016,4077,1
2016,4092,1
2016,5184,1
2012,8662,2
2020,10825,1
2016,10083,1
2016,1565,2
2017,4425,1
2014,10697,1
2017,1568,1
2017,1571,1
2019,27044,1
2017,10706,1
2018,7072,1
2015,2084,2
2016,4034,2
2014,3990,1
2017,223,1
2016,6872,1
2014,5793,1
2018,6721,1
2013,2914,1
2016,4242,1
2014,24531,1
2012,11652,1
2015,1429,1
2020,4708,1
2017,630,1
2018,3840,1
2017,16128,1
2015,11812,1
2014,2917,1
2013,866,1
2013,18712,4
2014,3486,3
2018,3887,1
2013,2558,2
2019,390,1
2016,2927,1
2019,3491,1
2019,6230,1
2018,2924,1
2017,1212,2
2019,2924,1
2016,16137,1
2019,1871,1
2020,22599,1
2020,524,1
2016,5463,1
2017,2029,1
2016,6511,1
2017,4256,1
2017,5523,1
2014,6456,1
2017,6579,1
2016,3166,1
2020,24750,1
2019,10489,2
2012,5187,1
2016,6082,3
2017,4047,1
2016,11801,1
2018,4230,1
2012,848,2
2014,4297,1
2012,8933,1
2020,4185,1
2014,25112,1
2020,2118,2
2019,5239,2
2017,3403,1
2016,2224,1
2015,2224,1
2015,737,1
2017,21052,2
2014,187,2
2017,3294,1
2019,147,1
2013,3673,1
2017,3277,1
2014,3288,1
2014,8312,1
2017,3053,1
2012,3842,1
2013,1928,2
2017,1928,1
2016,4792,1
2019,4792,1
2015,7276,1
2015,17910,1
2013,3052,1
2014,20188,1
2013,7412,1
2019,971,1
2016,6146,1
2018,6146,1
2016,5043,1
2016,1739,1
2018,5642,1
2017,17854,1
2018,165,1
2016,4268,1
2020,6964,1
2014,4948,1
2015,911,1
2019,3150,1
2017,171,1
2020,16605,1
2015,11490,1
2015,18755,1
2018,6225,1
2016,1899,1
2019,9292,1
2017,825,1
2014,9286,1
2019,9283,2
2018,533,1
2013,3904,1
2014,102,1
2014,3322,1
2019,9568,1
2018,11101,1
2019,11101,1
2019,11140,1
2020,334,1
2019,2706,1
2020,11538,1
2019,11530,1
2018,11060,1
2018,11145,1
2013,24668,1
2019,6675,1
2017,3819,1
2015,1253,2
2019,1253,1
2016,1253,1
2020,4844,1
2019,4840,1
2018,6609,1
2020,2524,1
2020,21850,1
2014,18616,1
2015,18616,2
2012,1913,3
2020,2954,1
2015,2632,1
2019,2638,2
2015,352,1
2017,2613,1
2015,2998,1
2018,10939,1
2015,3641,1
2013,3008,1
2015,996,1
2013,22877,1
2013,7742,1
2013,3964,1
2020,23172,1
2018,336,1
2019,335,1
2015,9300,1
2012,4165,1
2014,17149,1
2019,1603,1
2016,1347,2
2013,2297,1
2019,18684,1
2019,5262,1
2017,1861,1
2016,7620,3
2020,7659,1
2017,6743,1
2018,6743,2
2015,17358,2
2016,17358,1
2016,6678,2
2018,4046,1
2015,5968,1
2018,3442,1
2020,21595,1
2015,28464,1
2017,2901,1
2013,21493,1
2015,3785,2
2016,10825,1
2017,1362,1
2019,18618,1
2013,2017,1
2013,8597,1
2018,10762,3
2017,1149,1
2013,861,1
2015,2016,1
2019,20093,1
2019,23092,1
2014,8550,2
2017,1911,1
2013,1453,1
2019,7622,1
2017,8852,2
2020,8540,1
2020,7815,1
2015,7815,1
2014,4433,1
2019,122,1
2015,3381,1
2016,3381,1
2019,9163,1
2017,4486,1
2015,4539,1
2019,6251,2
2020,23110,1
2013,2844,2
2014,3279,1
2014,3229,1
2020,3229,1
2015,3246,2
2012,4499,1
2016,4512,1
2013,3223,2
2018,19251,1
2014,1948,1
2012,5581,1
2014,17071,1
2016,2326,1
2013,4419,1
2012,4003,1
2013,4003,1
2019,10974,1
2019,11006,1
2015,12723,1
2014,22149,2
2016,165,1
2015,3,1
2014,5406,1
2019,21041,1
2012,6048,1
2013,16399,2
2018,3320,1
2018,17418,3
2014,2506,1
2012,7492,1
2016,9637,1
2017,2863,2
2020,2863,1
2016,2440,1
2017,2883,2
2020,9719,1
2015,1073,1
2018,18723,1
2015,27064,1
2012,3168,1
2015,2367,1
2020,2367,1
2012,6225,1
2015,5976,1
2014,1187,1
2018,21814,2
2018,6890,1
2019,6890,4
2020,1187,1
2018,9466,3
2020,6845,1
2019,5716,1
2020,25486,1
2018,16071,1
2015,7274,1
2020,15129,1
2020,2301,1
2018,2389,1
2017,5036,1
2012,3612,1
2014,4996,1
2017,3566,1
2017,3523,1
2015,11279,1
2020,18170,1
2015,2356,2
2013,9090,1
2013,109,1
2020,2349,1
2020,7051,1
2020,7202,1
2018,19159,1
2020,18080,1
2019,10538,2
2018,6932,1
2019,5830,1
2019,2397,1
2017,2426,1
2012,2428,1
2013,5334,1
2016,17807,1
2019,9889,1
2014,2343,1
2020,17268,1
2018,4711,1
2017,1230,1
2015,11995,1
2018,8176,1
2019,8209,1
2015,10270,1
2020,27150,1
2019,17106,1
2019,6049,2
2017,10232,1
2018,10298,1
2020,11996,1
2012,1214,1
2020,25604,1
2017,7132,1
2017,18712,2
2016,682,1
2019,7838,1
2016,908,1
2014,909,1
2016,909,1
2014,7972,1
2017,1215,1
2020,6946,1
2015,6179,1
2015,6250,1
2014,5784,2
2018,27475,1
2019,1160,1
2012,5855,1
2020,5366,1
2013,635,2
2019,5355,1
2013,1154,1
2015,3692,1
2020,1012,1
2016,4831,1
2016,3097,1
2013,3829,1
2012,3845,1
2017,21822,1
2019,18012,1
2015,18225,1
2020,10858,1
2019,10859,1
2012,1987,2
2015,9895,1
2019,1308,1
2013,3111,2
2020,8278,1
2017,6218,1
2019,8102,1
2012,8257,2
2012,1843,1
2020,2643,1
2016,6057,1
2014,5184,1
2016,4387,1
2018,4375,1
2019,4375,1
2019,8662,1
2020,8662,1
2016,8699,1
2016,4223,1
2017,4223,1
2019,5546,1
2016,5612,1
2018,1565,1
2018,24522,1
2020,8990,2
2015,4215,1
2020,4242,1
2018,4247,1
2015,7295,1
2012,1112,1
2015,1164,1
2017,1164,1
2013,8229,1
2018,10132,1
2018,10212,1
2013,1898,1
2015,4571,1
2018,9468,1
2012,4571,1
2018,1898,1
2017,3787,1
2017,9895,1
2019,9895,1
2017,1297,1
2012,866,1
2018,2470,1
2014,1211,2
2020,21219,1
2020,21352,1
2018,21487,1
2020,2920,1
2016,2674,1
2017,299,1
2018,27791,1
2017,2669,1
2019,2669,1
2020,2669,1
2014,1871,1
2018,1861,1
2020,22621,1
2012,6579,1
2019,6469,2
2019,3992,1
2016,2029,2
2020,3992,1
2018,26849,1
2013,10762,1
2014,350,1
2013,330,3
2018,330,1
2018,4021,1
2013,8841,1
2012,25112,1
2013,2118,2
2018,3555,1
2017,3555,1
2012,1063,1
2014,9499,1
2012,9492,1
2015,7294,1
2014,3673,1
2019,3303,1
2020,3349,1
2019,3319,1
2020,17962,1
2017,7443,1
2019,7443,1
2018,2137,1
2018,3037,1
2018,9021,1
2017,9010,1
2019,1739,1
2015,412,1
2013,6951,2
2015,5496,1
2013,3215,1
2018,914,1
2019,914,1
2015,24700,1
2013,8908,1
2015,22636,1
2014,3176,2
2020,11463,1
2017,2580,1
2012,993,1
2015,14441,1
2015,7257,1
2017,9236,1
2013,4631,1
2018,4688,1
2020,5089,1
2016,9266,1
2014,3906,1
2014,1564,1
2018,1564,1
2014,3904,1
2020,3249,1
2018,7770,1
2020,7446,1
2017,1644,1
2018,16240,1
2012,2708,1
2015,8939,1
2018,334,1
2017,14905,1
2017,19395,1
2019,11938,1
2015,6654,1
2016,6689,3
2014,1253,1
2019,4844,1
2019,3846,1
2017,2524,1
2013,4442,1
2017,4388,1
2013,2638,1
2016,3613,1
2012,2613,1
2020,10939,1
2017,5739,1
2020,15940,1
2014,8127,1
2020,349,1
2018,4381,1
2019,16018,1
2017,7732,1
2014,4870,1
2014,4570,1
2019,4570,1
2014,2957,1
2018,200,1
2019,9951,1
2015,9394,1
2012,5727,1
2013,5288,1
2016,2483,1
2014,6788,1
2013,4070,1
2012,7609,1
2017,28283,1
2014,5968,1
2013,10411,1
2015,3456,1
2020,3425,1
2020,3424,1
2015,3542,1
2020,10295,1
2019,10343,1
2018,5137,1
2018,25385,1
2020,23443,1
2020,1036,2
2017,4851,1
2015,8567,1
2019,5260,1
2012,2165,1
2020,20427,1
2019,327,1
2019,2013,1
2017,8629,1
2012,19169,2
2020,5574,1
2013,735,1
2015,735,1
2018,1355,1
2015,18401,1
2013,7696,2
2016,7810,1
2014,9411,1
2019,9411,1
2016,5083,1
2015,4486,1
2013,6535,1
2013,3999,1
2012,3229,1
2017,3246,1
2019,5610,1
2020,27629,1
2017,27961,1
2012,27357,1
2013,3933,1
2014,3933,1
2020,21863,1
2020,22401,1
2013,4498,1
2014,2322,1
2019,2322,1
2016,23621,1
2014,6048,1
2012,23206,1
2013,7349,1
2012,4381,1
2017,18223,1
2020,6075,2
2012,3356,1
2014,7508,1
2012,2506,1
2020,3032,1
2013,7492,1
2020,9596,1
2015,9637,1
2015,12278,1
2019,2475,1
2020,9618,1
2017,2904,1
2013,4690,1
2012,4721,1
2017,4721,1
2016,9735,1
2012,6890,1
2020,8516,1
2017,9754,1
2018,5976,1
2020,6225,2
2018,5954,1
2014,5258,1
2020,1190,1
2020,12278,1
2020,5752,1
2014,5718,1
2017,386,2
2020,12225,1
2019,25938,1
2015,2301,1
2020,6391,1
2014,17814,1
2016,2301,1
2020,25807,1
2014,7717,1
2013,3552,1
2012,2356,1
2019,2356,1
2019,2358,1
2016,109,1
2016,1619,1
2019,2350,1
2018,2356,1
2019,9090,1
2012,995,1
2013,2436,1
2018,5308,1
2019,9887,1
2020,9887,1
2020,2443,1
2019,1758,1
2017,9293,1
2015,4602,1
2016,4602,1
2012,1595,1
2014,1595,1
2014,11983,1
2019,23846,1
2015,8163,1
2017,27150,1
2019,27150,1
2020,10226,1
2020,8118,1
2020,1220,1
2013,1251,1
2015,1251,1
2019,7036,1
2018,9415,2
2013,5195,1
2018,5195,1
2016,1826,1
2016,5765,1
2019,3570,1
2014,4832,1
2015,28478,1
2016,1012,1
2016,10974,1
2014,3683,1
2014,3711,1
2014,3733,1
2012,3846,1
2016,4672,2
2016,1894,1
2020,18111,1
2018,1983,1
2012,11752,1
2012,10858,2
2016,8044,1
2015,1308,1
2019,1312,1
2018,8067,1
2018,6218,2
2019,11706,1
2013,8082,1
2019,11752,1
